{
"type": "FeatureCollection",
"name": "puntos_indigenas_amg",
"crs": { "type": "name", "properties": { "name": "urn:ogc:def:crs:OGC:1.3:CRS84" } },
"features": [
{ "type": "Feature", "properties": { "g_id": 30841, "cve_ent": "14", "nom_ent": "Jalisco", "cve_mun": "002", "cvegeomun": "14002", "nom_mun": "Acatlán de Juárez", "cve_loc": "0001", "cvegeoloc": "140020001", "nom_loc": "Acatlán de Juárez", "clave_pueblo": 207, "nombre_pueblo": "Yoeme/Yaqui", "pihogares": 1, "x_long": -103.5872222, "y_lat": 20.4213889 }, "geometry": { "type": "MultiPoint", "coordinates": [ [ -103.587222222222195, 20.421388888888892 ] ] } },
{ "type": "Feature", "properties": { "g_id": 30842, "cve_ent": "14", "nom_ent": "Jalisco", "cve_mun": "002", "cvegeomun": "14002", "nom_mun": "Acatlán de Juárez", "cve_loc": "0001", "cvegeoloc": "140020001", "nom_loc": "Acatlán de Juárez", "clave_pueblo": 211, "nombre_pueblo": "Náhuatl", "pihogares": 16, "x_long": -103.5872222, "y_lat": 20.4213889 }, "geometry": { "type": "MultiPoint", "coordinates": [ [ -103.587222222222195, 20.421388888888892 ] ] } },
{ "type": "Feature", "properties": { "g_id": 30843, "cve_ent": "14", "nom_ent": "Jalisco", "cve_mun": "002", "cvegeomun": "14002", "nom_mun": "Acatlán de Juárez", "cve_loc": "0001", "cvegeoloc": "140020001", "nom_loc": "Acatlán de Juárez", "clave_pueblo": 507, "nombre_pueblo": "Chinanteco", "pihogares": 5, "x_long": -103.5872222, "y_lat": 20.4213889 }, "geometry": { "type": "MultiPoint", "coordinates": [ [ -103.587222222222195, 20.421388888888892 ] ] } },
{ "type": "Feature", "properties": { "g_id": 30844, "cve_ent": "14", "nom_ent": "Jalisco", "cve_mun": "002", "cvegeomun": "14002", "nom_mun": "Acatlán de Juárez", "cve_loc": "0001", "cvegeoloc": "140020001", "nom_loc": "Acatlán de Juárez", "clave_pueblo": 508, "nombre_pueblo": "Meʾphaa/Tlapaneco", "pihogares": 3, "x_long": -103.5872222, "y_lat": 20.4213889 }, "geometry": { "type": "MultiPoint", "coordinates": [ [ -103.587222222222195, 20.421388888888892 ] ] } },
{ "type": "Feature", "properties": { "g_id": 30845, "cve_ent": "14", "nom_ent": "Jalisco", "cve_mun": "002", "cvegeomun": "14002", "nom_mun": "Acatlán de Juárez", "cve_loc": "0001", "cvegeoloc": "140020001", "nom_loc": "Acatlán de Juárez", "clave_pueblo": 801, "nombre_pueblo": "Purépecha/Pʾurhépecha/Pʾurhé/Tarasco", "pihogares": 17, "x_long": -103.5872222, "y_lat": 20.4213889 }, "geometry": { "type": "MultiPoint", "coordinates": [ [ -103.587222222222195, 20.421388888888892 ] ] } },
{ "type": "Feature", "properties": { "g_id": 30846, "cve_ent": "14", "nom_ent": "Jalisco", "cve_mun": "002", "cvegeomun": "14002", "nom_mun": "Acatlán de Juárez", "cve_loc": "0002", "cvegeoloc": "140020002", "nom_loc": "Bellavista", "clave_pueblo": 208, "nombre_pueblo": "Yoreme/Mayo", "pihogares": 1, "x_long": -103.635, "y_lat": 20.4336111 }, "geometry": { "type": "MultiPoint", "coordinates": [ [ -103.635, 20.433611111111109 ] ] } },
{ "type": "Feature", "properties": { "g_id": 30847, "cve_ent": "14", "nom_ent": "Jalisco", "cve_mun": "002", "cvegeomun": "14002", "nom_mun": "Acatlán de Juárez", "cve_loc": "0004", "cvegeoloc": "140020004", "nom_loc": "El Plan (El Cerrito)", "clave_pueblo": 210, "nombre_pueblo": "Wixárika/Huichol", "pihogares": 1, "x_long": -103.6055556, "y_lat": 20.4175 }, "geometry": { "type": "MultiPoint", "coordinates": [ [ -103.605555555555597, 20.4175 ] ] } },
{ "type": "Feature", "properties": { "g_id": 30848, "cve_ent": "14", "nom_ent": "Jalisco", "cve_mun": "002", "cvegeomun": "14002", "nom_mun": "Acatlán de Juárez", "cve_loc": "0004", "cvegeoloc": "140020004", "nom_loc": "El Plan (El Cerrito)", "clave_pueblo": 211, "nombre_pueblo": "Náhuatl", "pihogares": 12, "x_long": -103.6055556, "y_lat": 20.4175 }, "geometry": { "type": "MultiPoint", "coordinates": [ [ -103.605555555555597, 20.4175 ] ] } },
{ "type": "Feature", "properties": { "g_id": 30849, "cve_ent": "14", "nom_ent": "Jalisco", "cve_mun": "002", "cvegeomun": "14002", "nom_mun": "Acatlán de Juárez", "cve_loc": "0004", "cvegeoloc": "140020004", "nom_loc": "El Plan (El Cerrito)", "clave_pueblo": 502, "nombre_pueblo": "Jñatrjo/Mazahua", "pihogares": 5, "x_long": -103.6055556, "y_lat": 20.4175 }, "geometry": { "type": "MultiPoint", "coordinates": [ [ -103.605555555555597, 20.4175 ] ] } },
{ "type": "Feature", "properties": { "g_id": 30850, "cve_ent": "14", "nom_ent": "Jalisco", "cve_mun": "002", "cvegeomun": "14002", "nom_mun": "Acatlán de Juárez", "cve_loc": "0004", "cvegeoloc": "140020004", "nom_loc": "El Plan (El Cerrito)", "clave_pueblo": 509, "nombre_pueblo": "Mazateco", "pihogares": 1, "x_long": -103.6055556, "y_lat": 20.4175 }, "geometry": { "type": "MultiPoint", "coordinates": [ [ -103.605555555555597, 20.4175 ] ] } },
{ "type": "Feature", "properties": { "g_id": 30851, "cve_ent": "14", "nom_ent": "Jalisco", "cve_mun": "002", "cvegeomun": "14002", "nom_mun": "Acatlán de Juárez", "cve_loc": "0007", "cvegeoloc": "140020007", "nom_loc": "San Pedro Valencia", "clave_pueblo": 507, "nombre_pueblo": "Chinanteco", "pihogares": 1, "x_long": -103.6460614, "y_lat": 20.4691703 }, "geometry": { "type": "MultiPoint", "coordinates": [ [ -103.646061388572306, 20.469170278141601 ] ] } },
{ "type": "Feature", "properties": { "g_id": 30852, "cve_ent": "14", "nom_ent": "Jalisco", "cve_mun": "002", "cvegeomun": "14002", "nom_mun": "Acatlán de Juárez", "cve_loc": "0030", "cvegeoloc": "140020030", "nom_loc": "Maravillas [Fraccionamiento]", "clave_pueblo": 509, "nombre_pueblo": "Mazateco", "pihogares": 4, "x_long": -103.5589614, "y_lat": 20.4329989 }, "geometry": { "type": "MultiPoint", "coordinates": [ [ -103.558961388525105, 20.432998888712621 ] ] } },
{ "type": "Feature", "properties": { "g_id": 30853, "cve_ent": "14", "nom_ent": "Jalisco", "cve_mun": "002", "cvegeomun": "14002", "nom_mun": "Acatlán de Juárez", "cve_loc": "0030", "cvegeoloc": "140020030", "nom_loc": "Maravillas [Fraccionamiento]", "clave_pueblo": 601, "nombre_pueblo": "Teenek/Huasteco", "pihogares": 3, "x_long": -103.5589614, "y_lat": 20.4329989 }, "geometry": { "type": "MultiPoint", "coordinates": [ [ -103.558961388525105, 20.432998888712621 ] ] } },
{ "type": "Feature", "properties": { "g_id": 30854, "cve_ent": "14", "nom_ent": "Jalisco", "cve_mun": "002", "cvegeomun": "14002", "nom_mun": "Acatlán de Juárez", "cve_loc": "0041", "cvegeoloc": "140020041", "nom_loc": "Santa Ana Tres (Cresta Avícola)", "clave_pueblo": 801, "nombre_pueblo": "Purépecha/Pʾurhépecha/Pʾurhé/Tarasco", "pihogares": 3, "x_long": -103.5785692, "y_lat": 20.4130794 }, "geometry": { "type": "MultiPoint", "coordinates": [ [ -103.578569167059598, 20.413079444292499 ] ] } },
{ "type": "Feature", "properties": { "g_id": 30855, "cve_ent": "14", "nom_ent": "Jalisco", "cve_mun": "002", "cvegeomun": "14002", "nom_mun": "Acatlán de Juárez", "cve_loc": "0062", "cvegeoloc": "140020062", "nom_loc": "Villa de los Niños", "clave_pueblo": 204, "nombre_pueblo": "Oʾdam/Tepehuano del sur", "pihogares": 3, "x_long": -103.5419958, "y_lat": 20.40585 }, "geometry": { "type": "MultiPoint", "coordinates": [ [ -103.541995833125398, 20.405850000047121 ] ] } },
{ "type": "Feature", "properties": { "g_id": 30856, "cve_ent": "14", "nom_ent": "Jalisco", "cve_mun": "002", "cvegeomun": "14002", "nom_mun": "Acatlán de Juárez", "cve_loc": "0062", "cvegeoloc": "140020062", "nom_loc": "Villa de los Niños", "clave_pueblo": 209, "nombre_pueblo": "Náayari/Cora", "pihogares": 8, "x_long": -103.5419958, "y_lat": 20.40585 }, "geometry": { "type": "MultiPoint", "coordinates": [ [ -103.541995833125398, 20.405850000047121 ] ] } },
{ "type": "Feature", "properties": { "g_id": 30857, "cve_ent": "14", "nom_ent": "Jalisco", "cve_mun": "002", "cvegeomun": "14002", "nom_mun": "Acatlán de Juárez", "cve_loc": "0062", "cvegeoloc": "140020062", "nom_loc": "Villa de los Niños", "clave_pueblo": 210, "nombre_pueblo": "Wixárika/Huichol", "pihogares": 9, "x_long": -103.5419958, "y_lat": 20.40585 }, "geometry": { "type": "MultiPoint", "coordinates": [ [ -103.541995833125398, 20.405850000047121 ] ] } },
{ "type": "Feature", "properties": { "g_id": 30858, "cve_ent": "14", "nom_ent": "Jalisco", "cve_mun": "002", "cvegeomun": "14002", "nom_mun": "Acatlán de Juárez", "cve_loc": "0062", "cvegeoloc": "140020062", "nom_loc": "Villa de los Niños", "clave_pueblo": 211, "nombre_pueblo": "Náhuatl", "pihogares": 128, "x_long": -103.5419958, "y_lat": 20.40585 }, "geometry": { "type": "MultiPoint", "coordinates": [ [ -103.541995833125398, 20.405850000047121 ] ] } },
{ "type": "Feature", "properties": { "g_id": 30859, "cve_ent": "14", "nom_ent": "Jalisco", "cve_mun": "002", "cvegeomun": "14002", "nom_mun": "Acatlán de Juárez", "cve_loc": "0062", "cvegeoloc": "140020062", "nom_loc": "Villa de los Niños", "clave_pueblo": 501, "nombre_pueblo": "Otomí", "pihogares": 11, "x_long": -103.5419958, "y_lat": 20.40585 }, "geometry": { "type": "MultiPoint", "coordinates": [ [ -103.541995833125398, 20.405850000047121 ] ] } },
{ "type": "Feature", "properties": { "g_id": 30860, "cve_ent": "14", "nom_ent": "Jalisco", "cve_mun": "002", "cvegeomun": "14002", "nom_mun": "Acatlán de Juárez", "cve_loc": "0062", "cvegeoloc": "140020062", "nom_loc": "Villa de los Niños", "clave_pueblo": 502, "nombre_pueblo": "Jñatrjo/Mazahua", "pihogares": 8, "x_long": -103.5419958, "y_lat": 20.40585 }, "geometry": { "type": "MultiPoint", "coordinates": [ [ -103.541995833125398, 20.405850000047121 ] ] } },
{ "type": "Feature", "properties": { "g_id": 30861, "cve_ent": "14", "nom_ent": "Jalisco", "cve_mun": "002", "cvegeomun": "14002", "nom_mun": "Acatlán de Juárez", "cve_loc": "0062", "cvegeoloc": "140020062", "nom_loc": "Villa de los Niños", "clave_pueblo": 507, "nombre_pueblo": "Chinanteco", "pihogares": 43, "x_long": -103.5419958, "y_lat": 20.40585 }, "geometry": { "type": "MultiPoint", "coordinates": [ [ -103.541995833125398, 20.405850000047121 ] ] } },
{ "type": "Feature", "properties": { "g_id": 30862, "cve_ent": "14", "nom_ent": "Jalisco", "cve_mun": "002", "cvegeomun": "14002", "nom_mun": "Acatlán de Juárez", "cve_loc": "0062", "cvegeoloc": "140020062", "nom_loc": "Villa de los Niños", "clave_pueblo": 508, "nombre_pueblo": "Meʾphaa/Tlapaneco", "pihogares": 161, "x_long": -103.5419958, "y_lat": 20.40585 }, "geometry": { "type": "MultiPoint", "coordinates": [ [ -103.541995833125398, 20.405850000047121 ] ] } },
{ "type": "Feature", "properties": { "g_id": 30863, "cve_ent": "14", "nom_ent": "Jalisco", "cve_mun": "002", "cvegeomun": "14002", "nom_mun": "Acatlán de Juárez", "cve_loc": "0062", "cvegeoloc": "140020062", "nom_loc": "Villa de los Niños", "clave_pueblo": 509, "nombre_pueblo": "Mazateco", "pihogares": 10, "x_long": -103.5419958, "y_lat": 20.40585 }, "geometry": { "type": "MultiPoint", "coordinates": [ [ -103.541995833125398, 20.405850000047121 ] ] } },
{ "type": "Feature", "properties": { "g_id": 30864, "cve_ent": "14", "nom_ent": "Jalisco", "cve_mun": "002", "cvegeomun": "14002", "nom_mun": "Acatlán de Juárez", "cve_loc": "0062", "cvegeoloc": "140020062", "nom_loc": "Villa de los Niños", "clave_pueblo": 513, "nombre_pueblo": "Binnizá/Zapoteco", "pihogares": 35, "x_long": -103.5419958, "y_lat": 20.40585 }, "geometry": { "type": "MultiPoint", "coordinates": [ [ -103.541995833125398, 20.405850000047121 ] ] } },
{ "type": "Feature", "properties": { "g_id": 30865, "cve_ent": "14", "nom_ent": "Jalisco", "cve_mun": "002", "cvegeomun": "14002", "nom_mun": "Acatlán de Juárez", "cve_loc": "0062", "cvegeoloc": "140020062", "nom_loc": "Villa de los Niños", "clave_pueblo": 516, "nombre_pueblo": "Na savi/Ñuu Saavi/Mixteco", "pihogares": 125, "x_long": -103.5419958, "y_lat": 20.40585 }, "geometry": { "type": "MultiPoint", "coordinates": [ [ -103.541995833125398, 20.405850000047121 ] ] } },
{ "type": "Feature", "properties": { "g_id": 30866, "cve_ent": "14", "nom_ent": "Jalisco", "cve_mun": "002", "cvegeomun": "14002", "nom_mun": "Acatlán de Juárez", "cve_loc": "0062", "cvegeoloc": "140020062", "nom_loc": "Villa de los Niños", "clave_pueblo": 518, "nombre_pueblo": "Triqui", "pihogares": 4, "x_long": -103.5419958, "y_lat": 20.40585 }, "geometry": { "type": "MultiPoint", "coordinates": [ [ -103.541995833125398, 20.405850000047121 ] ] } },
{ "type": "Feature", "properties": { "g_id": 30867, "cve_ent": "14", "nom_ent": "Jalisco", "cve_mun": "002", "cvegeomun": "14002", "nom_mun": "Acatlán de Juárez", "cve_loc": "0062", "cvegeoloc": "140020062", "nom_loc": "Villa de los Niños", "clave_pueblo": 606, "nombre_pueblo": "Tseltal", "pihogares": 8, "x_long": -103.5419958, "y_lat": 20.40585 }, "geometry": { "type": "MultiPoint", "coordinates": [ [ -103.541995833125398, 20.405850000047121 ] ] } },
{ "type": "Feature", "properties": { "g_id": 30868, "cve_ent": "14", "nom_ent": "Jalisco", "cve_mun": "002", "cvegeomun": "14002", "nom_mun": "Acatlán de Juárez", "cve_loc": "0062", "cvegeoloc": "140020062", "nom_loc": "Villa de los Niños", "clave_pueblo": 607, "nombre_pueblo": "Tsotsil", "pihogares": 11, "x_long": -103.5419958, "y_lat": 20.40585 }, "geometry": { "type": "MultiPoint", "coordinates": [ [ -103.541995833125398, 20.405850000047121 ] ] } },
{ "type": "Feature", "properties": { "g_id": 30869, "cve_ent": "14", "nom_ent": "Jalisco", "cve_mun": "002", "cvegeomun": "14002", "nom_mun": "Acatlán de Juárez", "cve_loc": "0062", "cvegeoloc": "140020062", "nom_loc": "Villa de los Niños", "clave_pueblo": 702, "nombre_pueblo": "Tepehua", "pihogares": 1, "x_long": -103.5419958, "y_lat": 20.40585 }, "geometry": { "type": "MultiPoint", "coordinates": [ [ -103.541995833125398, 20.405850000047121 ] ] } },
{ "type": "Feature", "properties": { "g_id": 30870, "cve_ent": "14", "nom_ent": "Jalisco", "cve_mun": "002", "cvegeomun": "14002", "nom_mun": "Acatlán de Juárez", "cve_loc": "0062", "cvegeoloc": "140020062", "nom_loc": "Villa de los Niños", "clave_pueblo": 801, "nombre_pueblo": "Purépecha/Pʾurhépecha/Pʾurhé/Tarasco", "pihogares": 26, "x_long": -103.5419958, "y_lat": 20.40585 }, "geometry": { "type": "MultiPoint", "coordinates": [ [ -103.541995833125398, 20.405850000047121 ] ] } },
{ "type": "Feature", "properties": { "g_id": 30871, "cve_ent": "14", "nom_ent": "Jalisco", "cve_mun": "002", "cvegeomun": "14002", "nom_mun": "Acatlán de Juárez", "cve_loc": "0062", "cvegeoloc": "140020062", "nom_loc": "Villa de los Niños", "clave_pueblo": 901, "nombre_pueblo": "Ayuuk/Ayook/Mixe", "pihogares": 14, "x_long": -103.5419958, "y_lat": 20.40585 }, "geometry": { "type": "MultiPoint", "coordinates": [ [ -103.541995833125398, 20.405850000047121 ] ] } },
{ "type": "Feature", "properties": { "g_id": 30872, "cve_ent": "14", "nom_ent": "Jalisco", "cve_mun": "002", "cvegeomun": "14002", "nom_mun": "Acatlán de Juárez", "cve_loc": "0062", "cvegeoloc": "140020062", "nom_loc": "Villa de los Niños", "clave_pueblo": 907, "nombre_pueblo": "Zoque", "pihogares": 3, "x_long": -103.5419958, "y_lat": 20.40585 }, "geometry": { "type": "MultiPoint", "coordinates": [ [ -103.541995833125398, 20.405850000047121 ] ] } },
{ "type": "Feature", "properties": { "g_id": 31407, "cve_ent": "14", "nom_ent": "Jalisco", "cve_mun": "039", "cvegeomun": "14039", "nom_mun": "Guadalajara", "cve_loc": "0001", "cvegeoloc": "140390001", "nom_loc": "Guadalajara", "clave_pueblo": 201, "nombre_pueblo": "Tohono o’odham/Pápago", "pihogares": 4, "x_long": -103.3422222, "y_lat": 20.6763889 }, "geometry": { "type": "MultiPoint", "coordinates": [ [ -103.342222222222205, 20.676388888888891 ] ] } },
{ "type": "Feature", "properties": { "g_id": 31408, "cve_ent": "14", "nom_ent": "Jalisco", "cve_mun": "039", "cvegeomun": "14039", "nom_mun": "Guadalajara", "cve_loc": "0001", "cvegeoloc": "140390001", "nom_loc": "Guadalajara", "clave_pueblo": 204, "nombre_pueblo": "Oʾdam/Tepehuano del sur", "pihogares": 2, "x_long": -103.3422222, "y_lat": 20.6763889 }, "geometry": { "type": "MultiPoint", "coordinates": [ [ -103.342222222222205, 20.676388888888891 ] ] } },
{ "type": "Feature", "properties": { "g_id": 31409, "cve_ent": "14", "nom_ent": "Jalisco", "cve_mun": "039", "cvegeomun": "14039", "nom_mun": "Guadalajara", "cve_loc": "0001", "cvegeoloc": "140390001", "nom_loc": "Guadalajara", "clave_pueblo": 205, "nombre_pueblo": "Rarámuri/Ralamuli/Tarahumara", "pihogares": 66, "x_long": -103.3422222, "y_lat": 20.6763889 }, "geometry": { "type": "MultiPoint", "coordinates": [ [ -103.342222222222205, 20.676388888888891 ] ] } },
{ "type": "Feature", "properties": { "g_id": 31410, "cve_ent": "14", "nom_ent": "Jalisco", "cve_mun": "039", "cvegeomun": "14039", "nom_mun": "Guadalajara", "cve_loc": "0001", "cvegeoloc": "140390001", "nom_loc": "Guadalajara", "clave_pueblo": 207, "nombre_pueblo": "Yoeme/Yaqui", "pihogares": 17, "x_long": -103.3422222, "y_lat": 20.6763889 }, "geometry": { "type": "MultiPoint", "coordinates": [ [ -103.342222222222205, 20.676388888888891 ] ] } },
{ "type": "Feature", "properties": { "g_id": 31411, "cve_ent": "14", "nom_ent": "Jalisco", "cve_mun": "039", "cvegeomun": "14039", "nom_mun": "Guadalajara", "cve_loc": "0001", "cvegeoloc": "140390001", "nom_loc": "Guadalajara", "clave_pueblo": 208, "nombre_pueblo": "Yoreme/Mayo", "pihogares": 31, "x_long": -103.3422222, "y_lat": 20.6763889 }, "geometry": { "type": "MultiPoint", "coordinates": [ [ -103.342222222222205, 20.676388888888891 ] ] } },
{ "type": "Feature", "properties": { "g_id": 31412, "cve_ent": "14", "nom_ent": "Jalisco", "cve_mun": "039", "cvegeomun": "14039", "nom_mun": "Guadalajara", "cve_loc": "0001", "cvegeoloc": "140390001", "nom_loc": "Guadalajara", "clave_pueblo": 209, "nombre_pueblo": "Náayari/Cora", "pihogares": 27, "x_long": -103.3422222, "y_lat": 20.6763889 }, "geometry": { "type": "MultiPoint", "coordinates": [ [ -103.342222222222205, 20.676388888888891 ] ] } },
{ "type": "Feature", "properties": { "g_id": 31413, "cve_ent": "14", "nom_ent": "Jalisco", "cve_mun": "039", "cvegeomun": "14039", "nom_mun": "Guadalajara", "cve_loc": "0001", "cvegeoloc": "140390001", "nom_loc": "Guadalajara", "clave_pueblo": 210, "nombre_pueblo": "Wixárika/Huichol", "pihogares": 332, "x_long": -103.3422222, "y_lat": 20.6763889 }, "geometry": { "type": "MultiPoint", "coordinates": [ [ -103.342222222222205, 20.676388888888891 ] ] } },
{ "type": "Feature", "properties": { "g_id": 31414, "cve_ent": "14", "nom_ent": "Jalisco", "cve_mun": "039", "cvegeomun": "14039", "nom_mun": "Guadalajara", "cve_loc": "0001", "cvegeoloc": "140390001", "nom_loc": "Guadalajara", "clave_pueblo": 211, "nombre_pueblo": "Náhuatl", "pihogares": 3021, "x_long": -103.3422222, "y_lat": 20.6763889 }, "geometry": { "type": "MultiPoint", "coordinates": [ [ -103.342222222222205, 20.676388888888891 ] ] } },
{ "type": "Feature", "properties": { "g_id": 31415, "cve_ent": "14", "nom_ent": "Jalisco", "cve_mun": "039", "cvegeomun": "14039", "nom_mun": "Guadalajara", "cve_loc": "0001", "cvegeoloc": "140390001", "nom_loc": "Guadalajara", "clave_pueblo": 303, "nombre_pueblo": "Cucapá", "pihogares": 1, "x_long": -103.3422222, "y_lat": 20.6763889 }, "geometry": { "type": "MultiPoint", "coordinates": [ [ -103.342222222222205, 20.676388888888891 ] ] } },
{ "type": "Feature", "properties": { "g_id": 31416, "cve_ent": "14", "nom_ent": "Jalisco", "cve_mun": "039", "cvegeomun": "14039", "nom_mun": "Guadalajara", "cve_loc": "0001", "cvegeoloc": "140390001", "nom_loc": "Guadalajara", "clave_pueblo": 501, "nombre_pueblo": "Otomí", "pihogares": 484, "x_long": -103.3422222, "y_lat": 20.6763889 }, "geometry": { "type": "MultiPoint", "coordinates": [ [ -103.342222222222205, 20.676388888888891 ] ] } },
{ "type": "Feature", "properties": { "g_id": 31417, "cve_ent": "14", "nom_ent": "Jalisco", "cve_mun": "039", "cvegeomun": "14039", "nom_mun": "Guadalajara", "cve_loc": "0001", "cvegeoloc": "140390001", "nom_loc": "Guadalajara", "clave_pueblo": 502, "nombre_pueblo": "Jñatrjo/Mazahua", "pihogares": 212, "x_long": -103.3422222, "y_lat": 20.6763889 }, "geometry": { "type": "MultiPoint", "coordinates": [ [ -103.342222222222205, 20.676388888888891 ] ] } },
{ "type": "Feature", "properties": { "g_id": 31418, "cve_ent": "14", "nom_ent": "Jalisco", "cve_mun": "039", "cvegeomun": "14039", "nom_mun": "Guadalajara", "cve_loc": "0001", "cvegeoloc": "140390001", "nom_loc": "Guadalajara", "clave_pueblo": 505, "nombre_pueblo": "Xiʾui/Pame", "pihogares": 16, "x_long": -103.3422222, "y_lat": 20.6763889 }, "geometry": { "type": "MultiPoint", "coordinates": [ [ -103.342222222222205, 20.676388888888891 ] ] } },
{ "type": "Feature", "properties": { "g_id": 31419, "cve_ent": "14", "nom_ent": "Jalisco", "cve_mun": "039", "cvegeomun": "14039", "nom_mun": "Guadalajara", "cve_loc": "0001", "cvegeoloc": "140390001", "nom_loc": "Guadalajara", "clave_pueblo": 506, "nombre_pueblo": "Uzá/Chichimeco Jonaz", "pihogares": 16, "x_long": -103.3422222, "y_lat": 20.6763889 }, "geometry": { "type": "MultiPoint", "coordinates": [ [ -103.342222222222205, 20.676388888888891 ] ] } },
{ "type": "Feature", "properties": { "g_id": 31420, "cve_ent": "14", "nom_ent": "Jalisco", "cve_mun": "039", "cvegeomun": "14039", "nom_mun": "Guadalajara", "cve_loc": "0001", "cvegeoloc": "140390001", "nom_loc": "Guadalajara", "clave_pueblo": 507, "nombre_pueblo": "Chinanteco", "pihogares": 109, "x_long": -103.3422222, "y_lat": 20.6763889 }, "geometry": { "type": "MultiPoint", "coordinates": [ [ -103.342222222222205, 20.676388888888891 ] ] } },
{ "type": "Feature", "properties": { "g_id": 31421, "cve_ent": "14", "nom_ent": "Jalisco", "cve_mun": "039", "cvegeomun": "14039", "nom_mun": "Guadalajara", "cve_loc": "0001", "cvegeoloc": "140390001", "nom_loc": "Guadalajara", "clave_pueblo": 508, "nombre_pueblo": "Meʾphaa/Tlapaneco", "pihogares": 44, "x_long": -103.3422222, "y_lat": 20.6763889 }, "geometry": { "type": "MultiPoint", "coordinates": [ [ -103.342222222222205, 20.676388888888891 ] ] } },
{ "type": "Feature", "properties": { "g_id": 31422, "cve_ent": "14", "nom_ent": "Jalisco", "cve_mun": "039", "cvegeomun": "14039", "nom_mun": "Guadalajara", "cve_loc": "0001", "cvegeoloc": "140390001", "nom_loc": "Guadalajara", "clave_pueblo": 509, "nombre_pueblo": "Mazateco", "pihogares": 49, "x_long": -103.3422222, "y_lat": 20.6763889 }, "geometry": { "type": "MultiPoint", "coordinates": [ [ -103.342222222222205, 20.676388888888891 ] ] } },
{ "type": "Feature", "properties": { "g_id": 31423, "cve_ent": "14", "nom_ent": "Jalisco", "cve_mun": "039", "cvegeomun": "14039", "nom_mun": "Guadalajara", "cve_loc": "0001", "cvegeoloc": "140390001", "nom_loc": "Guadalajara", "clave_pueblo": 511, "nombre_pueblo": "Ngiwa/Chocholteco", "pihogares": 6, "x_long": -103.3422222, "y_lat": 20.6763889 }, "geometry": { "type": "MultiPoint", "coordinates": [ [ -103.342222222222205, 20.676388888888891 ] ] } },
{ "type": "Feature", "properties": { "g_id": 31424, "cve_ent": "14", "nom_ent": "Jalisco", "cve_mun": "039", "cvegeomun": "14039", "nom_mun": "Guadalajara", "cve_loc": "0001", "cvegeoloc": "140390001", "nom_loc": "Guadalajara", "clave_pueblo": 512, "nombre_pueblo": "Popoloca", "pihogares": 1, "x_long": -103.3422222, "y_lat": 20.6763889 }, "geometry": { "type": "MultiPoint", "coordinates": [ [ -103.342222222222205, 20.676388888888891 ] ] } },
{ "type": "Feature", "properties": { "g_id": 31425, "cve_ent": "14", "nom_ent": "Jalisco", "cve_mun": "039", "cvegeomun": "14039", "nom_mun": "Guadalajara", "cve_loc": "0001", "cvegeoloc": "140390001", "nom_loc": "Guadalajara", "clave_pueblo": 513, "nombre_pueblo": "Binnizá/Zapoteco", "pihogares": 435, "x_long": -103.3422222, "y_lat": 20.6763889 }, "geometry": { "type": "MultiPoint", "coordinates": [ [ -103.342222222222205, 20.676388888888891 ] ] } },
{ "type": "Feature", "properties": { "g_id": 31426, "cve_ent": "14", "nom_ent": "Jalisco", "cve_mun": "039", "cvegeomun": "14039", "nom_mun": "Guadalajara", "cve_loc": "0001", "cvegeoloc": "140390001", "nom_loc": "Guadalajara", "clave_pueblo": 514, "nombre_pueblo": "Chatino", "pihogares": 57, "x_long": -103.3422222, "y_lat": 20.6763889 }, "geometry": { "type": "MultiPoint", "coordinates": [ [ -103.342222222222205, 20.676388888888891 ] ] } },
{ "type": "Feature", "properties": { "g_id": 31427, "cve_ent": "14", "nom_ent": "Jalisco", "cve_mun": "039", "cvegeomun": "14039", "nom_mun": "Guadalajara", "cve_loc": "0001", "cvegeoloc": "140390001", "nom_loc": "Guadalajara", "clave_pueblo": 515, "nombre_pueblo": "Nn'anncue/Amuzgo", "pihogares": 35, "x_long": -103.3422222, "y_lat": 20.6763889 }, "geometry": { "type": "MultiPoint", "coordinates": [ [ -103.342222222222205, 20.676388888888891 ] ] } },
{ "type": "Feature", "properties": { "g_id": 31428, "cve_ent": "14", "nom_ent": "Jalisco", "cve_mun": "039", "cvegeomun": "14039", "nom_mun": "Guadalajara", "cve_loc": "0001", "cvegeoloc": "140390001", "nom_loc": "Guadalajara", "clave_pueblo": 516, "nombre_pueblo": "Na savi/Ñuu Saavi/Mixteco", "pihogares": 1065, "x_long": -103.3422222, "y_lat": 20.6763889 }, "geometry": { "type": "MultiPoint", "coordinates": [ [ -103.342222222222205, 20.676388888888891 ] ] } },
{ "type": "Feature", "properties": { "g_id": 31429, "cve_ent": "14", "nom_ent": "Jalisco", "cve_mun": "039", "cvegeomun": "14039", "nom_mun": "Guadalajara", "cve_loc": "0001", "cvegeoloc": "140390001", "nom_loc": "Guadalajara", "clave_pueblo": 517, "nombre_pueblo": "Cuicateco", "pihogares": 4, "x_long": -103.3422222, "y_lat": 20.6763889 }, "geometry": { "type": "MultiPoint", "coordinates": [ [ -103.342222222222205, 20.676388888888891 ] ] } },
{ "type": "Feature", "properties": { "g_id": 31430, "cve_ent": "14", "nom_ent": "Jalisco", "cve_mun": "039", "cvegeomun": "14039", "nom_mun": "Guadalajara", "cve_loc": "0001", "cvegeoloc": "140390001", "nom_loc": "Guadalajara", "clave_pueblo": 518, "nombre_pueblo": "Triqui", "pihogares": 8, "x_long": -103.3422222, "y_lat": 20.6763889 }, "geometry": { "type": "MultiPoint", "coordinates": [ [ -103.342222222222205, 20.676388888888891 ] ] } },
{ "type": "Feature", "properties": { "g_id": 31431, "cve_ent": "14", "nom_ent": "Jalisco", "cve_mun": "039", "cvegeomun": "14039", "nom_mun": "Guadalajara", "cve_loc": "0001", "cvegeoloc": "140390001", "nom_loc": "Guadalajara", "clave_pueblo": 601, "nombre_pueblo": "Teenek/Huasteco", "pihogares": 211, "x_long": -103.3422222, "y_lat": 20.6763889 }, "geometry": { "type": "MultiPoint", "coordinates": [ [ -103.342222222222205, 20.676388888888891 ] ] } },
{ "type": "Feature", "properties": { "g_id": 31432, "cve_ent": "14", "nom_ent": "Jalisco", "cve_mun": "039", "cvegeomun": "14039", "nom_mun": "Guadalajara", "cve_loc": "0001", "cvegeoloc": "140390001", "nom_loc": "Guadalajara", "clave_pueblo": 602, "nombre_pueblo": "Mayaʾwiinik/Maya", "pihogares": 176, "x_long": -103.3422222, "y_lat": 20.6763889 }, "geometry": { "type": "MultiPoint", "coordinates": [ [ -103.342222222222205, 20.676388888888891 ] ] } },
{ "type": "Feature", "properties": { "g_id": 31433, "cve_ent": "14", "nom_ent": "Jalisco", "cve_mun": "039", "cvegeomun": "14039", "nom_mun": "Guadalajara", "cve_loc": "0001", "cvegeoloc": "140390001", "nom_loc": "Guadalajara", "clave_pueblo": 603, "nombre_pueblo": "Hach winik/Lacandón", "pihogares": 1, "x_long": -103.3422222, "y_lat": 20.6763889 }, "geometry": { "type": "MultiPoint", "coordinates": [ [ -103.342222222222205, 20.676388888888891 ] ] } },
{ "type": "Feature", "properties": { "g_id": 31434, "cve_ent": "14", "nom_ent": "Jalisco", "cve_mun": "039", "cvegeomun": "14039", "nom_mun": "Guadalajara", "cve_loc": "0001", "cvegeoloc": "140390001", "nom_loc": "Guadalajara", "clave_pueblo": 604, "nombre_pueblo": "Ch'ol", "pihogares": 33, "x_long": -103.3422222, "y_lat": 20.6763889 }, "geometry": { "type": "MultiPoint", "coordinates": [ [ -103.342222222222205, 20.676388888888891 ] ] } },
{ "type": "Feature", "properties": { "g_id": 31435, "cve_ent": "14", "nom_ent": "Jalisco", "cve_mun": "039", "cvegeomun": "14039", "nom_mun": "Guadalajara", "cve_loc": "0001", "cvegeoloc": "140390001", "nom_loc": "Guadalajara", "clave_pueblo": 605, "nombre_pueblo": "Yoko t'anob/Yoko tʾan/Chontal de Tabasco", "pihogares": 1, "x_long": -103.3422222, "y_lat": 20.6763889 }, "geometry": { "type": "MultiPoint", "coordinates": [ [ -103.342222222222205, 20.676388888888891 ] ] } },
{ "type": "Feature", "properties": { "g_id": 31436, "cve_ent": "14", "nom_ent": "Jalisco", "cve_mun": "039", "cvegeomun": "14039", "nom_mun": "Guadalajara", "cve_loc": "0001", "cvegeoloc": "140390001", "nom_loc": "Guadalajara", "clave_pueblo": 606, "nombre_pueblo": "Tseltal", "pihogares": 24, "x_long": -103.3422222, "y_lat": 20.6763889 }, "geometry": { "type": "MultiPoint", "coordinates": [ [ -103.342222222222205, 20.676388888888891 ] ] } },
{ "type": "Feature", "properties": { "g_id": 31437, "cve_ent": "14", "nom_ent": "Jalisco", "cve_mun": "039", "cvegeomun": "14039", "nom_mun": "Guadalajara", "cve_loc": "0001", "cvegeoloc": "140390001", "nom_loc": "Guadalajara", "clave_pueblo": 607, "nombre_pueblo": "Tsotsil", "pihogares": 215, "x_long": -103.3422222, "y_lat": 20.6763889 }, "geometry": { "type": "MultiPoint", "coordinates": [ [ -103.342222222222205, 20.676388888888891 ] ] } },
{ "type": "Feature", "properties": { "g_id": 31438, "cve_ent": "14", "nom_ent": "Jalisco", "cve_mun": "039", "cvegeomun": "14039", "nom_mun": "Guadalajara", "cve_loc": "0001", "cvegeoloc": "140390001", "nom_loc": "Guadalajara", "clave_pueblo": 613, "nombre_pueblo": "Tojolabal", "pihogares": 10, "x_long": -103.3422222, "y_lat": 20.6763889 }, "geometry": { "type": "MultiPoint", "coordinates": [ [ -103.342222222222205, 20.676388888888891 ] ] } },
{ "type": "Feature", "properties": { "g_id": 31439, "cve_ent": "14", "nom_ent": "Jalisco", "cve_mun": "039", "cvegeomun": "14039", "nom_mun": "Guadalajara", "cve_loc": "0001", "cvegeoloc": "140390001", "nom_loc": "Guadalajara", "clave_pueblo": 614, "nombre_pueblo": "Q'eqchi'", "pihogares": 4, "x_long": -103.3422222, "y_lat": 20.6763889 }, "geometry": { "type": "MultiPoint", "coordinates": [ [ -103.342222222222205, 20.676388888888891 ] ] } },
{ "type": "Feature", "properties": { "g_id": 31440, "cve_ent": "14", "nom_ent": "Jalisco", "cve_mun": "039", "cvegeomun": "14039", "nom_mun": "Guadalajara", "cve_loc": "0001", "cvegeoloc": "140390001", "nom_loc": "Guadalajara", "clave_pueblo": 615, "nombre_pueblo": "K'iche'", "pihogares": 2, "x_long": -103.3422222, "y_lat": 20.6763889 }, "geometry": { "type": "MultiPoint", "coordinates": [ [ -103.342222222222205, 20.676388888888891 ] ] } },
{ "type": "Feature", "properties": { "g_id": 31441, "cve_ent": "14", "nom_ent": "Jalisco", "cve_mun": "039", "cvegeomun": "14039", "nom_mun": "Guadalajara", "cve_loc": "0001", "cvegeoloc": "140390001", "nom_loc": "Guadalajara", "clave_pueblo": 618, "nombre_pueblo": "Winaq qo’/Mam", "pihogares": 9, "x_long": -103.3422222, "y_lat": 20.6763889 }, "geometry": { "type": "MultiPoint", "coordinates": [ [ -103.342222222222205, 20.676388888888891 ] ] } },
{ "type": "Feature", "properties": { "g_id": 31442, "cve_ent": "14", "nom_ent": "Jalisco", "cve_mun": "039", "cvegeomun": "14039", "nom_mun": "Guadalajara", "cve_loc": "0001", "cvegeoloc": "140390001", "nom_loc": "Guadalajara", "clave_pueblo": 701, "nombre_pueblo": "Totonaco", "pihogares": 141, "x_long": -103.3422222, "y_lat": 20.6763889 }, "geometry": { "type": "MultiPoint", "coordinates": [ [ -103.342222222222205, 20.676388888888891 ] ] } },
{ "type": "Feature", "properties": { "g_id": 31443, "cve_ent": "14", "nom_ent": "Jalisco", "cve_mun": "039", "cvegeomun": "14039", "nom_mun": "Guadalajara", "cve_loc": "0001", "cvegeoloc": "140390001", "nom_loc": "Guadalajara", "clave_pueblo": 702, "nombre_pueblo": "Tepehua", "pihogares": 1, "x_long": -103.3422222, "y_lat": 20.6763889 }, "geometry": { "type": "MultiPoint", "coordinates": [ [ -103.342222222222205, 20.676388888888891 ] ] } },
{ "type": "Feature", "properties": { "g_id": 31444, "cve_ent": "14", "nom_ent": "Jalisco", "cve_mun": "039", "cvegeomun": "14039", "nom_mun": "Guadalajara", "cve_loc": "0001", "cvegeoloc": "140390001", "nom_loc": "Guadalajara", "clave_pueblo": 801, "nombre_pueblo": "Purépecha/Pʾurhépecha/Pʾurhé/Tarasco", "pihogares": 1032, "x_long": -103.3422222, "y_lat": 20.6763889 }, "geometry": { "type": "MultiPoint", "coordinates": [ [ -103.342222222222205, 20.676388888888891 ] ] } },
{ "type": "Feature", "properties": { "g_id": 31445, "cve_ent": "14", "nom_ent": "Jalisco", "cve_mun": "039", "cvegeomun": "14039", "nom_mun": "Guadalajara", "cve_loc": "0001", "cvegeoloc": "140390001", "nom_loc": "Guadalajara", "clave_pueblo": 901, "nombre_pueblo": "Ayuuk/Ayook/Mixe", "pihogares": 123, "x_long": -103.3422222, "y_lat": 20.6763889 }, "geometry": { "type": "MultiPoint", "coordinates": [ [ -103.342222222222205, 20.676388888888891 ] ] } },
{ "type": "Feature", "properties": { "g_id": 31446, "cve_ent": "14", "nom_ent": "Jalisco", "cve_mun": "039", "cvegeomun": "14039", "nom_mun": "Guadalajara", "cve_loc": "0001", "cvegeoloc": "140390001", "nom_loc": "Guadalajara", "clave_pueblo": 907, "nombre_pueblo": "Zoque", "pihogares": 18, "x_long": -103.3422222, "y_lat": 20.6763889 }, "geometry": { "type": "MultiPoint", "coordinates": [ [ -103.342222222222205, 20.676388888888891 ] ] } },
{ "type": "Feature", "properties": { "g_id": 31447, "cve_ent": "14", "nom_ent": "Jalisco", "cve_mun": "039", "cvegeomun": "14039", "nom_mun": "Guadalajara", "cve_loc": "0001", "cvegeoloc": "140390001", "nom_loc": "Guadalajara", "clave_pueblo": 1101, "nombre_pueblo": "Ikoots/Huave", "pihogares": 14, "x_long": -103.3422222, "y_lat": 20.6763889 }, "geometry": { "type": "MultiPoint", "coordinates": [ [ -103.342222222222205, 20.676388888888891 ] ] } },
{ "type": "Feature", "properties": { "g_id": 31506, "cve_ent": "14", "nom_ent": "Jalisco", "cve_mun": "044", "cvegeomun": "14044", "nom_mun": "Ixtlahuacán de los Membrillos", "cve_loc": "0001", "cvegeoloc": "140440001", "nom_loc": "Ixtlahuacán de los Membrillos", "clave_pueblo": 210, "nombre_pueblo": "Wixárika/Huichol", "pihogares": 2, "x_long": -103.1929661, "y_lat": 20.3491361 }, "geometry": { "type": "MultiPoint", "coordinates": [ [ -103.192966111111105, 20.349136111111111 ] ] } },
{ "type": "Feature", "properties": { "g_id": 31507, "cve_ent": "14", "nom_ent": "Jalisco", "cve_mun": "044", "cvegeomun": "14044", "nom_mun": "Ixtlahuacán de los Membrillos", "cve_loc": "0001", "cvegeoloc": "140440001", "nom_loc": "Ixtlahuacán de los Membrillos", "clave_pueblo": 211, "nombre_pueblo": "Náhuatl", "pihogares": 5, "x_long": -103.1929661, "y_lat": 20.3491361 }, "geometry": { "type": "MultiPoint", "coordinates": [ [ -103.192966111111105, 20.349136111111111 ] ] } },
{ "type": "Feature", "properties": { "g_id": 31508, "cve_ent": "14", "nom_ent": "Jalisco", "cve_mun": "044", "cvegeomun": "14044", "nom_mun": "Ixtlahuacán de los Membrillos", "cve_loc": "0001", "cvegeoloc": "140440001", "nom_loc": "Ixtlahuacán de los Membrillos", "clave_pueblo": 501, "nombre_pueblo": "Otomí", "pihogares": 5, "x_long": -103.1929661, "y_lat": 20.3491361 }, "geometry": { "type": "MultiPoint", "coordinates": [ [ -103.192966111111105, 20.349136111111111 ] ] } },
{ "type": "Feature", "properties": { "g_id": 31509, "cve_ent": "14", "nom_ent": "Jalisco", "cve_mun": "044", "cvegeomun": "14044", "nom_mun": "Ixtlahuacán de los Membrillos", "cve_loc": "0001", "cvegeoloc": "140440001", "nom_loc": "Ixtlahuacán de los Membrillos", "clave_pueblo": 507, "nombre_pueblo": "Chinanteco", "pihogares": 3, "x_long": -103.1929661, "y_lat": 20.3491361 }, "geometry": { "type": "MultiPoint", "coordinates": [ [ -103.192966111111105, 20.349136111111111 ] ] } },
{ "type": "Feature", "properties": { "g_id": 31510, "cve_ent": "14", "nom_ent": "Jalisco", "cve_mun": "044", "cvegeomun": "14044", "nom_mun": "Ixtlahuacán de los Membrillos", "cve_loc": "0001", "cvegeoloc": "140440001", "nom_loc": "Ixtlahuacán de los Membrillos", "clave_pueblo": 518, "nombre_pueblo": "Triqui", "pihogares": 4, "x_long": -103.1929661, "y_lat": 20.3491361 }, "geometry": { "type": "MultiPoint", "coordinates": [ [ -103.192966111111105, 20.349136111111111 ] ] } },
{ "type": "Feature", "properties": { "g_id": 31511, "cve_ent": "14", "nom_ent": "Jalisco", "cve_mun": "044", "cvegeomun": "14044", "nom_mun": "Ixtlahuacán de los Membrillos", "cve_loc": "0001", "cvegeoloc": "140440001", "nom_loc": "Ixtlahuacán de los Membrillos", "clave_pueblo": 607, "nombre_pueblo": "Tsotsil", "pihogares": 5, "x_long": -103.1929661, "y_lat": 20.3491361 }, "geometry": { "type": "MultiPoint", "coordinates": [ [ -103.192966111111105, 20.349136111111111 ] ] } },
{ "type": "Feature", "properties": { "g_id": 31512, "cve_ent": "14", "nom_ent": "Jalisco", "cve_mun": "044", "cvegeomun": "14044", "nom_mun": "Ixtlahuacán de los Membrillos", "cve_loc": "0001", "cvegeoloc": "140440001", "nom_loc": "Ixtlahuacán de los Membrillos", "clave_pueblo": 701, "nombre_pueblo": "Totonaco", "pihogares": 2, "x_long": -103.1929661, "y_lat": 20.3491361 }, "geometry": { "type": "MultiPoint", "coordinates": [ [ -103.192966111111105, 20.349136111111111 ] ] } },
{ "type": "Feature", "properties": { "g_id": 31513, "cve_ent": "14", "nom_ent": "Jalisco", "cve_mun": "044", "cvegeomun": "14044", "nom_mun": "Ixtlahuacán de los Membrillos", "cve_loc": "0001", "cvegeoloc": "140440001", "nom_loc": "Ixtlahuacán de los Membrillos", "clave_pueblo": 801, "nombre_pueblo": "Purépecha/Pʾurhépecha/Pʾurhé/Tarasco", "pihogares": 5, "x_long": -103.1929661, "y_lat": 20.3491361 }, "geometry": { "type": "MultiPoint", "coordinates": [ [ -103.192966111111105, 20.349136111111111 ] ] } },
{ "type": "Feature", "properties": { "g_id": 31514, "cve_ent": "14", "nom_ent": "Jalisco", "cve_mun": "044", "cvegeomun": "14044", "nom_mun": "Ixtlahuacán de los Membrillos", "cve_loc": "0002", "cvegeoloc": "140440002", "nom_loc": "Atequiza", "clave_pueblo": 209, "nombre_pueblo": "Náayari/Cora", "pihogares": 11, "x_long": -103.1391667, "y_lat": 20.3952778 }, "geometry": { "type": "MultiPoint", "coordinates": [ [ -103.139166666666696, 20.395277777777778 ] ] } },
{ "type": "Feature", "properties": { "g_id": 31515, "cve_ent": "14", "nom_ent": "Jalisco", "cve_mun": "044", "cvegeomun": "14044", "nom_mun": "Ixtlahuacán de los Membrillos", "cve_loc": "0002", "cvegeoloc": "140440002", "nom_loc": "Atequiza", "clave_pueblo": 210, "nombre_pueblo": "Wixárika/Huichol", "pihogares": 4, "x_long": -103.1391667, "y_lat": 20.3952778 }, "geometry": { "type": "MultiPoint", "coordinates": [ [ -103.139166666666696, 20.395277777777778 ] ] } },
{ "type": "Feature", "properties": { "g_id": 31516, "cve_ent": "14", "nom_ent": "Jalisco", "cve_mun": "044", "cvegeomun": "14044", "nom_mun": "Ixtlahuacán de los Membrillos", "cve_loc": "0002", "cvegeoloc": "140440002", "nom_loc": "Atequiza", "clave_pueblo": 211, "nombre_pueblo": "Náhuatl", "pihogares": 29, "x_long": -103.1391667, "y_lat": 20.3952778 }, "geometry": { "type": "MultiPoint", "coordinates": [ [ -103.139166666666696, 20.395277777777778 ] ] } },
{ "type": "Feature", "properties": { "g_id": 31517, "cve_ent": "14", "nom_ent": "Jalisco", "cve_mun": "044", "cvegeomun": "14044", "nom_mun": "Ixtlahuacán de los Membrillos", "cve_loc": "0002", "cvegeoloc": "140440002", "nom_loc": "Atequiza", "clave_pueblo": 516, "nombre_pueblo": "Na savi/Ñuu Saavi/Mixteco", "pihogares": 7, "x_long": -103.1391667, "y_lat": 20.3952778 }, "geometry": { "type": "MultiPoint", "coordinates": [ [ -103.139166666666696, 20.395277777777778 ] ] } },
{ "type": "Feature", "properties": { "g_id": 31518, "cve_ent": "14", "nom_ent": "Jalisco", "cve_mun": "044", "cvegeomun": "14044", "nom_mun": "Ixtlahuacán de los Membrillos", "cve_loc": "0002", "cvegeoloc": "140440002", "nom_loc": "Atequiza", "clave_pueblo": 801, "nombre_pueblo": "Purépecha/Pʾurhépecha/Pʾurhé/Tarasco", "pihogares": 5, "x_long": -103.1391667, "y_lat": 20.3952778 }, "geometry": { "type": "MultiPoint", "coordinates": [ [ -103.139166666666696, 20.395277777777778 ] ] } },
{ "type": "Feature", "properties": { "g_id": 31519, "cve_ent": "14", "nom_ent": "Jalisco", "cve_mun": "044", "cvegeomun": "14044", "nom_mun": "Ixtlahuacán de los Membrillos", "cve_loc": "0003", "cvegeoloc": "140440003", "nom_loc": "Buenavista", "clave_pueblo": 211, "nombre_pueblo": "Náhuatl", "pihogares": 6, "x_long": -103.2144133, "y_lat": 20.3848358 }, "geometry": { "type": "MultiPoint", "coordinates": [ [ -103.214413332541099, 20.3848358325777 ] ] } },
{ "type": "Feature", "properties": { "g_id": 31520, "cve_ent": "14", "nom_ent": "Jalisco", "cve_mun": "044", "cvegeomun": "14044", "nom_mun": "Ixtlahuacán de los Membrillos", "cve_loc": "0004", "cvegeoloc": "140440004", "nom_loc": "La Cañada", "clave_pueblo": 516, "nombre_pueblo": "Na savi/Ñuu Saavi/Mixteco", "pihogares": 4, "x_long": -103.2595047, "y_lat": 20.3761744 }, "geometry": { "type": "MultiPoint", "coordinates": [ [ -103.259504721943102, 20.37617444396189 ] ] } },
{ "type": "Feature", "properties": { "g_id": 31521, "cve_ent": "14", "nom_ent": "Jalisco", "cve_mun": "044", "cvegeomun": "14044", "nom_mun": "Ixtlahuacán de los Membrillos", "cve_loc": "0005", "cvegeoloc": "140440005", "nom_loc": "La Capilla del Refugio", "clave_pueblo": 211, "nombre_pueblo": "Náhuatl", "pihogares": 2, "x_long": -103.2002778, "y_lat": 20.4458333 }, "geometry": { "type": "MultiPoint", "coordinates": [ [ -103.200277777777799, 20.445833333333329 ] ] } },
{ "type": "Feature", "properties": { "g_id": 31522, "cve_ent": "14", "nom_ent": "Jalisco", "cve_mun": "044", "cvegeomun": "14044", "nom_mun": "Ixtlahuacán de los Membrillos", "cve_loc": "0005", "cvegeoloc": "140440005", "nom_loc": "La Capilla del Refugio", "clave_pueblo": 502, "nombre_pueblo": "Jñatrjo/Mazahua", "pihogares": 5, "x_long": -103.2002778, "y_lat": 20.4458333 }, "geometry": { "type": "MultiPoint", "coordinates": [ [ -103.200277777777799, 20.445833333333329 ] ] } },
{ "type": "Feature", "properties": { "g_id": 31523, "cve_ent": "14", "nom_ent": "Jalisco", "cve_mun": "044", "cvegeomun": "14044", "nom_mun": "Ixtlahuacán de los Membrillos", "cve_loc": "0005", "cvegeoloc": "140440005", "nom_loc": "La Capilla del Refugio", "clave_pueblo": 514, "nombre_pueblo": "Chatino", "pihogares": 2, "x_long": -103.2002778, "y_lat": 20.4458333 }, "geometry": { "type": "MultiPoint", "coordinates": [ [ -103.200277777777799, 20.445833333333329 ] ] } },
{ "type": "Feature", "properties": { "g_id": 31524, "cve_ent": "14", "nom_ent": "Jalisco", "cve_mun": "044", "cvegeomun": "14044", "nom_mun": "Ixtlahuacán de los Membrillos", "cve_loc": "0010", "cvegeoloc": "140440010", "nom_loc": "Los Olivos", "clave_pueblo": 210, "nombre_pueblo": "Wixárika/Huichol", "pihogares": 4, "x_long": -103.2377778, "y_lat": 20.4391667 }, "geometry": { "type": "MultiPoint", "coordinates": [ [ -103.237777777777794, 20.439166666666669 ] ] } },
{ "type": "Feature", "properties": { "g_id": 31525, "cve_ent": "14", "nom_ent": "Jalisco", "cve_mun": "044", "cvegeomun": "14044", "nom_mun": "Ixtlahuacán de los Membrillos", "cve_loc": "0010", "cvegeoloc": "140440010", "nom_loc": "Los Olivos", "clave_pueblo": 211, "nombre_pueblo": "Náhuatl", "pihogares": 46, "x_long": -103.2377778, "y_lat": 20.4391667 }, "geometry": { "type": "MultiPoint", "coordinates": [ [ -103.237777777777794, 20.439166666666669 ] ] } },
{ "type": "Feature", "properties": { "g_id": 31526, "cve_ent": "14", "nom_ent": "Jalisco", "cve_mun": "044", "cvegeomun": "14044", "nom_mun": "Ixtlahuacán de los Membrillos", "cve_loc": "0010", "cvegeoloc": "140440010", "nom_loc": "Los Olivos", "clave_pueblo": 501, "nombre_pueblo": "Otomí", "pihogares": 1, "x_long": -103.2377778, "y_lat": 20.4391667 }, "geometry": { "type": "MultiPoint", "coordinates": [ [ -103.237777777777794, 20.439166666666669 ] ] } },
{ "type": "Feature", "properties": { "g_id": 31527, "cve_ent": "14", "nom_ent": "Jalisco", "cve_mun": "044", "cvegeomun": "14044", "nom_mun": "Ixtlahuacán de los Membrillos", "cve_loc": "0010", "cvegeoloc": "140440010", "nom_loc": "Los Olivos", "clave_pueblo": 502, "nombre_pueblo": "Jñatrjo/Mazahua", "pihogares": 6, "x_long": -103.2377778, "y_lat": 20.4391667 }, "geometry": { "type": "MultiPoint", "coordinates": [ [ -103.237777777777794, 20.439166666666669 ] ] } },
{ "type": "Feature", "properties": { "g_id": 31528, "cve_ent": "14", "nom_ent": "Jalisco", "cve_mun": "044", "cvegeomun": "14044", "nom_mun": "Ixtlahuacán de los Membrillos", "cve_loc": "0010", "cvegeoloc": "140440010", "nom_loc": "Los Olivos", "clave_pueblo": 507, "nombre_pueblo": "Chinanteco", "pihogares": 7, "x_long": -103.2377778, "y_lat": 20.4391667 }, "geometry": { "type": "MultiPoint", "coordinates": [ [ -103.237777777777794, 20.439166666666669 ] ] } },
{ "type": "Feature", "properties": { "g_id": 31529, "cve_ent": "14", "nom_ent": "Jalisco", "cve_mun": "044", "cvegeomun": "14044", "nom_mun": "Ixtlahuacán de los Membrillos", "cve_loc": "0010", "cvegeoloc": "140440010", "nom_loc": "Los Olivos", "clave_pueblo": 509, "nombre_pueblo": "Mazateco", "pihogares": 6, "x_long": -103.2377778, "y_lat": 20.4391667 }, "geometry": { "type": "MultiPoint", "coordinates": [ [ -103.237777777777794, 20.439166666666669 ] ] } },
{ "type": "Feature", "properties": { "g_id": 31530, "cve_ent": "14", "nom_ent": "Jalisco", "cve_mun": "044", "cvegeomun": "14044", "nom_mun": "Ixtlahuacán de los Membrillos", "cve_loc": "0010", "cvegeoloc": "140440010", "nom_loc": "Los Olivos", "clave_pueblo": 513, "nombre_pueblo": "Binnizá/Zapoteco", "pihogares": 2, "x_long": -103.2377778, "y_lat": 20.4391667 }, "geometry": { "type": "MultiPoint", "coordinates": [ [ -103.237777777777794, 20.439166666666669 ] ] } },
{ "type": "Feature", "properties": { "g_id": 31531, "cve_ent": "14", "nom_ent": "Jalisco", "cve_mun": "044", "cvegeomun": "14044", "nom_mun": "Ixtlahuacán de los Membrillos", "cve_loc": "0010", "cvegeoloc": "140440010", "nom_loc": "Los Olivos", "clave_pueblo": 516, "nombre_pueblo": "Na savi/Ñuu Saavi/Mixteco", "pihogares": 13, "x_long": -103.2377778, "y_lat": 20.4391667 }, "geometry": { "type": "MultiPoint", "coordinates": [ [ -103.237777777777794, 20.439166666666669 ] ] } },
{ "type": "Feature", "properties": { "g_id": 31532, "cve_ent": "14", "nom_ent": "Jalisco", "cve_mun": "044", "cvegeomun": "14044", "nom_mun": "Ixtlahuacán de los Membrillos", "cve_loc": "0010", "cvegeoloc": "140440010", "nom_loc": "Los Olivos", "clave_pueblo": 601, "nombre_pueblo": "Teenek/Huasteco", "pihogares": 7, "x_long": -103.2377778, "y_lat": 20.4391667 }, "geometry": { "type": "MultiPoint", "coordinates": [ [ -103.237777777777794, 20.439166666666669 ] ] } },
{ "type": "Feature", "properties": { "g_id": 31533, "cve_ent": "14", "nom_ent": "Jalisco", "cve_mun": "044", "cvegeomun": "14044", "nom_mun": "Ixtlahuacán de los Membrillos", "cve_loc": "0010", "cvegeoloc": "140440010", "nom_loc": "Los Olivos", "clave_pueblo": 603, "nombre_pueblo": "Hach winik/Lacandón", "pihogares": 4, "x_long": -103.2377778, "y_lat": 20.4391667 }, "geometry": { "type": "MultiPoint", "coordinates": [ [ -103.237777777777794, 20.439166666666669 ] ] } },
{ "type": "Feature", "properties": { "g_id": 31534, "cve_ent": "14", "nom_ent": "Jalisco", "cve_mun": "044", "cvegeomun": "14044", "nom_mun": "Ixtlahuacán de los Membrillos", "cve_loc": "0010", "cvegeoloc": "140440010", "nom_loc": "Los Olivos", "clave_pueblo": 604, "nombre_pueblo": "Ch'ol", "pihogares": 5, "x_long": -103.2377778, "y_lat": 20.4391667 }, "geometry": { "type": "MultiPoint", "coordinates": [ [ -103.237777777777794, 20.439166666666669 ] ] } },
{ "type": "Feature", "properties": { "g_id": 31535, "cve_ent": "14", "nom_ent": "Jalisco", "cve_mun": "044", "cvegeomun": "14044", "nom_mun": "Ixtlahuacán de los Membrillos", "cve_loc": "0010", "cvegeoloc": "140440010", "nom_loc": "Los Olivos", "clave_pueblo": 607, "nombre_pueblo": "Tsotsil", "pihogares": 4, "x_long": -103.2377778, "y_lat": 20.4391667 }, "geometry": { "type": "MultiPoint", "coordinates": [ [ -103.237777777777794, 20.439166666666669 ] ] } },
{ "type": "Feature", "properties": { "g_id": 31536, "cve_ent": "14", "nom_ent": "Jalisco", "cve_mun": "044", "cvegeomun": "14044", "nom_mun": "Ixtlahuacán de los Membrillos", "cve_loc": "0010", "cvegeoloc": "140440010", "nom_loc": "Los Olivos", "clave_pueblo": 701, "nombre_pueblo": "Totonaco", "pihogares": 2, "x_long": -103.2377778, "y_lat": 20.4391667 }, "geometry": { "type": "MultiPoint", "coordinates": [ [ -103.237777777777794, 20.439166666666669 ] ] } },
{ "type": "Feature", "properties": { "g_id": 31537, "cve_ent": "14", "nom_ent": "Jalisco", "cve_mun": "044", "cvegeomun": "14044", "nom_mun": "Ixtlahuacán de los Membrillos", "cve_loc": "0010", "cvegeoloc": "140440010", "nom_loc": "Los Olivos", "clave_pueblo": 801, "nombre_pueblo": "Purépecha/Pʾurhépecha/Pʾurhé/Tarasco", "pihogares": 10, "x_long": -103.2377778, "y_lat": 20.4391667 }, "geometry": { "type": "MultiPoint", "coordinates": [ [ -103.237777777777794, 20.439166666666669 ] ] } },
{ "type": "Feature", "properties": { "g_id": 31538, "cve_ent": "14", "nom_ent": "Jalisco", "cve_mun": "044", "cvegeomun": "14044", "nom_mun": "Ixtlahuacán de los Membrillos", "cve_loc": "0012", "cvegeoloc": "140440012", "nom_loc": "Santa Rosa (La Hacienda de Santa Rosa)", "clave_pueblo": 606, "nombre_pueblo": "Tseltal", "pihogares": 5, "x_long": -103.2363058, "y_lat": 20.4131439 }, "geometry": { "type": "MultiPoint", "coordinates": [ [ -103.2363058330846, 20.413143889168019 ] ] } },
{ "type": "Feature", "properties": { "g_id": 31539, "cve_ent": "14", "nom_ent": "Jalisco", "cve_mun": "044", "cvegeomun": "14044", "nom_mun": "Ixtlahuacán de los Membrillos", "cve_loc": "0035", "cvegeoloc": "140440035", "nom_loc": "El Sacrificio", "clave_pueblo": 606, "nombre_pueblo": "Tseltal", "pihogares": 8, "x_long": -103.2006417, "y_lat": 20.4100194 }, "geometry": { "type": "MultiPoint", "coordinates": [ [ -103.200641667045701, 20.410019444255369 ] ] } },
{ "type": "Feature", "properties": { "g_id": 31540, "cve_ent": "14", "nom_ent": "Jalisco", "cve_mun": "044", "cvegeomun": "14044", "nom_mun": "Ixtlahuacán de los Membrillos", "cve_loc": "0054", "cvegeoloc": "140440054", "nom_loc": "Los Freseros (Los Sabinos)", "clave_pueblo": 210, "nombre_pueblo": "Wixárika/Huichol", "pihogares": 7, "x_long": -103.1858056, "y_lat": 20.4213722 }, "geometry": { "type": "MultiPoint", "coordinates": [ [ -103.185805555555604, 20.421372222222221 ] ] } },
{ "type": "Feature", "properties": { "g_id": 31541, "cve_ent": "14", "nom_ent": "Jalisco", "cve_mun": "044", "cvegeomun": "14044", "nom_mun": "Ixtlahuacán de los Membrillos", "cve_loc": "0054", "cvegeoloc": "140440054", "nom_loc": "Los Freseros (Los Sabinos)", "clave_pueblo": 211, "nombre_pueblo": "Náhuatl", "pihogares": 96, "x_long": -103.1858056, "y_lat": 20.4213722 }, "geometry": { "type": "MultiPoint", "coordinates": [ [ -103.185805555555604, 20.421372222222221 ] ] } },
{ "type": "Feature", "properties": { "g_id": 31542, "cve_ent": "14", "nom_ent": "Jalisco", "cve_mun": "044", "cvegeomun": "14044", "nom_mun": "Ixtlahuacán de los Membrillos", "cve_loc": "0054", "cvegeoloc": "140440054", "nom_loc": "Los Freseros (Los Sabinos)", "clave_pueblo": 501, "nombre_pueblo": "Otomí", "pihogares": 4, "x_long": -103.1858056, "y_lat": 20.4213722 }, "geometry": { "type": "MultiPoint", "coordinates": [ [ -103.185805555555604, 20.421372222222221 ] ] } },
{ "type": "Feature", "properties": { "g_id": 31543, "cve_ent": "14", "nom_ent": "Jalisco", "cve_mun": "044", "cvegeomun": "14044", "nom_mun": "Ixtlahuacán de los Membrillos", "cve_loc": "0054", "cvegeoloc": "140440054", "nom_loc": "Los Freseros (Los Sabinos)", "clave_pueblo": 508, "nombre_pueblo": "Meʾphaa/Tlapaneco", "pihogares": 8, "x_long": -103.1858056, "y_lat": 20.4213722 }, "geometry": { "type": "MultiPoint", "coordinates": [ [ -103.185805555555604, 20.421372222222221 ] ] } },
{ "type": "Feature", "properties": { "g_id": 31544, "cve_ent": "14", "nom_ent": "Jalisco", "cve_mun": "044", "cvegeomun": "14044", "nom_mun": "Ixtlahuacán de los Membrillos", "cve_loc": "0054", "cvegeoloc": "140440054", "nom_loc": "Los Freseros (Los Sabinos)", "clave_pueblo": 515, "nombre_pueblo": "Nn'anncue/Amuzgo", "pihogares": 4, "x_long": -103.1858056, "y_lat": 20.4213722 }, "geometry": { "type": "MultiPoint", "coordinates": [ [ -103.185805555555604, 20.421372222222221 ] ] } },
{ "type": "Feature", "properties": { "g_id": 31545, "cve_ent": "14", "nom_ent": "Jalisco", "cve_mun": "044", "cvegeomun": "14044", "nom_mun": "Ixtlahuacán de los Membrillos", "cve_loc": "0054", "cvegeoloc": "140440054", "nom_loc": "Los Freseros (Los Sabinos)", "clave_pueblo": 516, "nombre_pueblo": "Na savi/Ñuu Saavi/Mixteco", "pihogares": 25, "x_long": -103.1858056, "y_lat": 20.4213722 }, "geometry": { "type": "MultiPoint", "coordinates": [ [ -103.185805555555604, 20.421372222222221 ] ] } },
{ "type": "Feature", "properties": { "g_id": 31546, "cve_ent": "14", "nom_ent": "Jalisco", "cve_mun": "044", "cvegeomun": "14044", "nom_mun": "Ixtlahuacán de los Membrillos", "cve_loc": "0054", "cvegeoloc": "140440054", "nom_loc": "Los Freseros (Los Sabinos)", "clave_pueblo": 601, "nombre_pueblo": "Teenek/Huasteco", "pihogares": 11, "x_long": -103.1858056, "y_lat": 20.4213722 }, "geometry": { "type": "MultiPoint", "coordinates": [ [ -103.185805555555604, 20.421372222222221 ] ] } },
{ "type": "Feature", "properties": { "g_id": 31547, "cve_ent": "14", "nom_ent": "Jalisco", "cve_mun": "044", "cvegeomun": "14044", "nom_mun": "Ixtlahuacán de los Membrillos", "cve_loc": "0054", "cvegeoloc": "140440054", "nom_loc": "Los Freseros (Los Sabinos)", "clave_pueblo": 607, "nombre_pueblo": "Tsotsil", "pihogares": 2, "x_long": -103.1858056, "y_lat": 20.4213722 }, "geometry": { "type": "MultiPoint", "coordinates": [ [ -103.185805555555604, 20.421372222222221 ] ] } },
{ "type": "Feature", "properties": { "g_id": 31548, "cve_ent": "14", "nom_ent": "Jalisco", "cve_mun": "044", "cvegeomun": "14044", "nom_mun": "Ixtlahuacán de los Membrillos", "cve_loc": "0054", "cvegeoloc": "140440054", "nom_loc": "Los Freseros (Los Sabinos)", "clave_pueblo": 701, "nombre_pueblo": "Totonaco", "pihogares": 14, "x_long": -103.1858056, "y_lat": 20.4213722 }, "geometry": { "type": "MultiPoint", "coordinates": [ [ -103.185805555555604, 20.421372222222221 ] ] } },
{ "type": "Feature", "properties": { "g_id": 31549, "cve_ent": "14", "nom_ent": "Jalisco", "cve_mun": "044", "cvegeomun": "14044", "nom_mun": "Ixtlahuacán de los Membrillos", "cve_loc": "0054", "cvegeoloc": "140440054", "nom_loc": "Los Freseros (Los Sabinos)", "clave_pueblo": 801, "nombre_pueblo": "Purépecha/Pʾurhépecha/Pʾurhé/Tarasco", "pihogares": 21, "x_long": -103.1858056, "y_lat": 20.4213722 }, "geometry": { "type": "MultiPoint", "coordinates": [ [ -103.185805555555604, 20.421372222222221 ] ] } },
{ "type": "Feature", "properties": { "g_id": 31550, "cve_ent": "14", "nom_ent": "Jalisco", "cve_mun": "044", "cvegeomun": "14044", "nom_mun": "Ixtlahuacán de los Membrillos", "cve_loc": "0070", "cvegeoloc": "140440070", "nom_loc": "Los Tubos [Fraccionamiento]", "clave_pueblo": 801, "nombre_pueblo": "Purépecha/Pʾurhépecha/Pʾurhé/Tarasco", "pihogares": 4, "x_long": -103.1849233, "y_lat": 20.4019017 }, "geometry": { "type": "MultiPoint", "coordinates": [ [ -103.184923332771803, 20.401901667351972 ] ] } },
{ "type": "Feature", "properties": { "g_id": 31551, "cve_ent": "14", "nom_ent": "Jalisco", "cve_mun": "044", "cvegeomun": "14044", "nom_mun": "Ixtlahuacán de los Membrillos", "cve_loc": "0116", "cvegeoloc": "140440116", "nom_loc": "Potrero de las Coloradas", "clave_pueblo": 211, "nombre_pueblo": "Náhuatl", "pihogares": 4, "x_long": -103.1266336, "y_lat": 20.4042936 }, "geometry": { "type": "MultiPoint", "coordinates": [ [ -103.126633610989501, 20.40429361130985 ] ] } },
{ "type": "Feature", "properties": { "g_id": 31552, "cve_ent": "14", "nom_ent": "Jalisco", "cve_mun": "044", "cvegeomun": "14044", "nom_mun": "Ixtlahuacán de los Membrillos", "cve_loc": "0130", "cvegeoloc": "140440130", "nom_loc": "Santa Ana de Cedros", "clave_pueblo": 606, "nombre_pueblo": "Tseltal", "pihogares": 19, "x_long": -103.1934389, "y_lat": 20.4074194 }, "geometry": { "type": "MultiPoint", "coordinates": [ [ -103.193438889346297, 20.407419443593518 ] ] } },
{ "type": "Feature", "properties": { "g_id": 31553, "cve_ent": "14", "nom_ent": "Jalisco", "cve_mun": "044", "cvegeomun": "14044", "nom_mun": "Ixtlahuacán de los Membrillos", "cve_loc": "0131", "cvegeoloc": "140440131", "nom_loc": "Santa María", "clave_pueblo": 801, "nombre_pueblo": "Purépecha/Pʾurhépecha/Pʾurhé/Tarasco", "pihogares": 7, "x_long": -103.1884442, "y_lat": 20.4169181 }, "geometry": { "type": "MultiPoint", "coordinates": [ [ -103.188444167335206, 20.416918055598241 ] ] } },
{ "type": "Feature", "properties": { "g_id": 31554, "cve_ent": "14", "nom_ent": "Jalisco", "cve_mun": "044", "cvegeomun": "14044", "nom_mun": "Ixtlahuacán de los Membrillos", "cve_loc": "0147", "cvegeoloc": "140440147", "nom_loc": "Las Carretas", "clave_pueblo": 208, "nombre_pueblo": "Yoreme/Mayo", "pihogares": 2, "x_long": -103.24302, "y_lat": 20.4503 }, "geometry": { "type": "MultiPoint", "coordinates": [ [ -103.243020000362804, 20.45029999999052 ] ] } },
{ "type": "Feature", "properties": { "g_id": 31555, "cve_ent": "14", "nom_ent": "Jalisco", "cve_mun": "044", "cvegeomun": "14044", "nom_mun": "Ixtlahuacán de los Membrillos", "cve_loc": "0169", "cvegeoloc": "140440169", "nom_loc": "Rinconada la Loma [Fraccionamiento]", "clave_pueblo": 211, "nombre_pueblo": "Náhuatl", "pihogares": 5, "x_long": -103.2205814, "y_lat": 20.4546072 }, "geometry": { "type": "MultiPoint", "coordinates": [ [ -103.220581389420502, 20.454607222063629 ] ] } },
{ "type": "Feature", "properties": { "g_id": 31556, "cve_ent": "14", "nom_ent": "Jalisco", "cve_mun": "044", "cvegeomun": "14044", "nom_mun": "Ixtlahuacán de los Membrillos", "cve_loc": "0169", "cvegeoloc": "140440169", "nom_loc": "Rinconada la Loma [Fraccionamiento]", "clave_pueblo": 513, "nombre_pueblo": "Binnizá/Zapoteco", "pihogares": 21, "x_long": -103.2205814, "y_lat": 20.4546072 }, "geometry": { "type": "MultiPoint", "coordinates": [ [ -103.220581389420502, 20.454607222063629 ] ] } },
{ "type": "Feature", "properties": { "g_id": 31557, "cve_ent": "14", "nom_ent": "Jalisco", "cve_mun": "044", "cvegeomun": "14044", "nom_mun": "Ixtlahuacán de los Membrillos", "cve_loc": "0169", "cvegeoloc": "140440169", "nom_loc": "Rinconada la Loma [Fraccionamiento]", "clave_pueblo": 516, "nombre_pueblo": "Na savi/Ñuu Saavi/Mixteco", "pihogares": 11, "x_long": -103.2205814, "y_lat": 20.4546072 }, "geometry": { "type": "MultiPoint", "coordinates": [ [ -103.220581389420502, 20.454607222063629 ] ] } },
{ "type": "Feature", "properties": { "g_id": 31558, "cve_ent": "14", "nom_ent": "Jalisco", "cve_mun": "044", "cvegeomun": "14044", "nom_mun": "Ixtlahuacán de los Membrillos", "cve_loc": "0169", "cvegeoloc": "140440169", "nom_loc": "Rinconada la Loma [Fraccionamiento]", "clave_pueblo": 601, "nombre_pueblo": "Teenek/Huasteco", "pihogares": 2, "x_long": -103.2205814, "y_lat": 20.4546072 }, "geometry": { "type": "MultiPoint", "coordinates": [ [ -103.220581389420502, 20.454607222063629 ] ] } },
{ "type": "Feature", "properties": { "g_id": 31559, "cve_ent": "14", "nom_ent": "Jalisco", "cve_mun": "044", "cvegeomun": "14044", "nom_mun": "Ixtlahuacán de los Membrillos", "cve_loc": "0169", "cvegeoloc": "140440169", "nom_loc": "Rinconada la Loma [Fraccionamiento]", "clave_pueblo": 701, "nombre_pueblo": "Totonaco", "pihogares": 13, "x_long": -103.2205814, "y_lat": 20.4546072 }, "geometry": { "type": "MultiPoint", "coordinates": [ [ -103.220581389420502, 20.454607222063629 ] ] } },
{ "type": "Feature", "properties": { "g_id": 31560, "cve_ent": "14", "nom_ent": "Jalisco", "cve_mun": "044", "cvegeomun": "14044", "nom_mun": "Ixtlahuacán de los Membrillos", "cve_loc": "0169", "cvegeoloc": "140440169", "nom_loc": "Rinconada la Loma [Fraccionamiento]", "clave_pueblo": 801, "nombre_pueblo": "Purépecha/Pʾurhépecha/Pʾurhé/Tarasco", "pihogares": 2, "x_long": -103.2205814, "y_lat": 20.4546072 }, "geometry": { "type": "MultiPoint", "coordinates": [ [ -103.220581389420502, 20.454607222063629 ] ] } },
{ "type": "Feature", "properties": { "g_id": 31561, "cve_ent": "14", "nom_ent": "Jalisco", "cve_mun": "044", "cvegeomun": "14044", "nom_mun": "Ixtlahuacán de los Membrillos", "cve_loc": "0170", "cvegeoloc": "140440170", "nom_loc": "Huerta Vieja [Fraccionamiento]", "clave_pueblo": 209, "nombre_pueblo": "Náayari/Cora", "pihogares": 7, "x_long": -103.2288442, "y_lat": 20.430215 }, "geometry": { "type": "MultiPoint", "coordinates": [ [ -103.228844166666704, 20.430215 ] ] } },
{ "type": "Feature", "properties": { "g_id": 31562, "cve_ent": "14", "nom_ent": "Jalisco", "cve_mun": "044", "cvegeomun": "14044", "nom_mun": "Ixtlahuacán de los Membrillos", "cve_loc": "0170", "cvegeoloc": "140440170", "nom_loc": "Huerta Vieja [Fraccionamiento]", "clave_pueblo": 210, "nombre_pueblo": "Wixárika/Huichol", "pihogares": 2, "x_long": -103.2288442, "y_lat": 20.430215 }, "geometry": { "type": "MultiPoint", "coordinates": [ [ -103.228844166666704, 20.430215 ] ] } },
{ "type": "Feature", "properties": { "g_id": 31563, "cve_ent": "14", "nom_ent": "Jalisco", "cve_mun": "044", "cvegeomun": "14044", "nom_mun": "Ixtlahuacán de los Membrillos", "cve_loc": "0170", "cvegeoloc": "140440170", "nom_loc": "Huerta Vieja [Fraccionamiento]", "clave_pueblo": 211, "nombre_pueblo": "Náhuatl", "pihogares": 24, "x_long": -103.2288442, "y_lat": 20.430215 }, "geometry": { "type": "MultiPoint", "coordinates": [ [ -103.228844166666704, 20.430215 ] ] } },
{ "type": "Feature", "properties": { "g_id": 31564, "cve_ent": "14", "nom_ent": "Jalisco", "cve_mun": "044", "cvegeomun": "14044", "nom_mun": "Ixtlahuacán de los Membrillos", "cve_loc": "0170", "cvegeoloc": "140440170", "nom_loc": "Huerta Vieja [Fraccionamiento]", "clave_pueblo": 513, "nombre_pueblo": "Binnizá/Zapoteco", "pihogares": 2, "x_long": -103.2288442, "y_lat": 20.430215 }, "geometry": { "type": "MultiPoint", "coordinates": [ [ -103.228844166666704, 20.430215 ] ] } },
{ "type": "Feature", "properties": { "g_id": 31565, "cve_ent": "14", "nom_ent": "Jalisco", "cve_mun": "044", "cvegeomun": "14044", "nom_mun": "Ixtlahuacán de los Membrillos", "cve_loc": "0170", "cvegeoloc": "140440170", "nom_loc": "Huerta Vieja [Fraccionamiento]", "clave_pueblo": 516, "nombre_pueblo": "Na savi/Ñuu Saavi/Mixteco", "pihogares": 7, "x_long": -103.2288442, "y_lat": 20.430215 }, "geometry": { "type": "MultiPoint", "coordinates": [ [ -103.228844166666704, 20.430215 ] ] } },
{ "type": "Feature", "properties": { "g_id": 31566, "cve_ent": "14", "nom_ent": "Jalisco", "cve_mun": "044", "cvegeomun": "14044", "nom_mun": "Ixtlahuacán de los Membrillos", "cve_loc": "0170", "cvegeoloc": "140440170", "nom_loc": "Huerta Vieja [Fraccionamiento]", "clave_pueblo": 606, "nombre_pueblo": "Tseltal", "pihogares": 4, "x_long": -103.2288442, "y_lat": 20.430215 }, "geometry": { "type": "MultiPoint", "coordinates": [ [ -103.228844166666704, 20.430215 ] ] } },
{ "type": "Feature", "properties": { "g_id": 31567, "cve_ent": "14", "nom_ent": "Jalisco", "cve_mun": "044", "cvegeomun": "14044", "nom_mun": "Ixtlahuacán de los Membrillos", "cve_loc": "0170", "cvegeoloc": "140440170", "nom_loc": "Huerta Vieja [Fraccionamiento]", "clave_pueblo": 613, "nombre_pueblo": "Tojolabal", "pihogares": 2, "x_long": -103.2288442, "y_lat": 20.430215 }, "geometry": { "type": "MultiPoint", "coordinates": [ [ -103.228844166666704, 20.430215 ] ] } },
{ "type": "Feature", "properties": { "g_id": 31568, "cve_ent": "14", "nom_ent": "Jalisco", "cve_mun": "044", "cvegeomun": "14044", "nom_mun": "Ixtlahuacán de los Membrillos", "cve_loc": "0170", "cvegeoloc": "140440170", "nom_loc": "Huerta Vieja [Fraccionamiento]", "clave_pueblo": 801, "nombre_pueblo": "Purépecha/Pʾurhépecha/Pʾurhé/Tarasco", "pihogares": 1, "x_long": -103.2288442, "y_lat": 20.430215 }, "geometry": { "type": "MultiPoint", "coordinates": [ [ -103.228844166666704, 20.430215 ] ] } },
{ "type": "Feature", "properties": { "g_id": 31569, "cve_ent": "14", "nom_ent": "Jalisco", "cve_mun": "044", "cvegeomun": "14044", "nom_mun": "Ixtlahuacán de los Membrillos", "cve_loc": "0171", "cvegeoloc": "140440171", "nom_loc": "Puerta del Sol [Fraccionamiento]", "clave_pueblo": 513, "nombre_pueblo": "Binnizá/Zapoteco", "pihogares": 6, "x_long": -103.2370539, "y_lat": 20.4314197 }, "geometry": { "type": "MultiPoint", "coordinates": [ [ -103.2370538887576, 20.431419721931029 ] ] } },
{ "type": "Feature", "properties": { "g_id": 31570, "cve_ent": "14", "nom_ent": "Jalisco", "cve_mun": "044", "cvegeomun": "14044", "nom_mun": "Ixtlahuacán de los Membrillos", "cve_loc": "0171", "cvegeoloc": "140440171", "nom_loc": "Puerta del Sol [Fraccionamiento]", "clave_pueblo": 516, "nombre_pueblo": "Na savi/Ñuu Saavi/Mixteco", "pihogares": 4, "x_long": -103.2370539, "y_lat": 20.4314197 }, "geometry": { "type": "MultiPoint", "coordinates": [ [ -103.2370538887576, 20.431419721931029 ] ] } },
{ "type": "Feature", "properties": { "g_id": 31571, "cve_ent": "14", "nom_ent": "Jalisco", "cve_mun": "044", "cvegeomun": "14044", "nom_mun": "Ixtlahuacán de los Membrillos", "cve_loc": "0171", "cvegeoloc": "140440171", "nom_loc": "Puerta del Sol [Fraccionamiento]", "clave_pueblo": 601, "nombre_pueblo": "Teenek/Huasteco", "pihogares": 2, "x_long": -103.2370539, "y_lat": 20.4314197 }, "geometry": { "type": "MultiPoint", "coordinates": [ [ -103.2370538887576, 20.431419721931029 ] ] } },
{ "type": "Feature", "properties": { "g_id": 31572, "cve_ent": "14", "nom_ent": "Jalisco", "cve_mun": "044", "cvegeomun": "14044", "nom_mun": "Ixtlahuacán de los Membrillos", "cve_loc": "0171", "cvegeoloc": "140440171", "nom_loc": "Puerta del Sol [Fraccionamiento]", "clave_pueblo": 907, "nombre_pueblo": "Zoque", "pihogares": 8, "x_long": -103.2370539, "y_lat": 20.4314197 }, "geometry": { "type": "MultiPoint", "coordinates": [ [ -103.2370538887576, 20.431419721931029 ] ] } },
{ "type": "Feature", "properties": { "g_id": 31573, "cve_ent": "14", "nom_ent": "Jalisco", "cve_mun": "044", "cvegeomun": "14044", "nom_mun": "Ixtlahuacán de los Membrillos", "cve_loc": "0172", "cvegeoloc": "140440172", "nom_loc": "Valle de los Girasoles [Fraccionamiento]", "clave_pueblo": 211, "nombre_pueblo": "Náhuatl", "pihogares": 11, "x_long": -103.1981719, "y_lat": 20.4292331 }, "geometry": { "type": "MultiPoint", "coordinates": [ [ -103.198171943752598, 20.429233056394139 ] ] } },
{ "type": "Feature", "properties": { "g_id": 31574, "cve_ent": "14", "nom_ent": "Jalisco", "cve_mun": "044", "cvegeomun": "14044", "nom_mun": "Ixtlahuacán de los Membrillos", "cve_loc": "0172", "cvegeoloc": "140440172", "nom_loc": "Valle de los Girasoles [Fraccionamiento]", "clave_pueblo": 516, "nombre_pueblo": "Na savi/Ñuu Saavi/Mixteco", "pihogares": 4, "x_long": -103.1981719, "y_lat": 20.4292331 }, "geometry": { "type": "MultiPoint", "coordinates": [ [ -103.198171943752598, 20.429233056394139 ] ] } },
{ "type": "Feature", "properties": { "g_id": 31575, "cve_ent": "14", "nom_ent": "Jalisco", "cve_mun": "044", "cvegeomun": "14044", "nom_mun": "Ixtlahuacán de los Membrillos", "cve_loc": "0173", "cvegeoloc": "140440173", "nom_loc": "Lomas de la Capilla", "clave_pueblo": 211, "nombre_pueblo": "Náhuatl", "pihogares": 10, "x_long": -103.21414, "y_lat": 20.4446703 }, "geometry": { "type": "MultiPoint", "coordinates": [ [ -103.214140000013899, 20.44467027801478 ] ] } },
{ "type": "Feature", "properties": { "g_id": 31576, "cve_ent": "14", "nom_ent": "Jalisco", "cve_mun": "044", "cvegeomun": "14044", "nom_mun": "Ixtlahuacán de los Membrillos", "cve_loc": "0173", "cvegeoloc": "140440173", "nom_loc": "Lomas de la Capilla", "clave_pueblo": 516, "nombre_pueblo": "Na savi/Ñuu Saavi/Mixteco", "pihogares": 2, "x_long": -103.21414, "y_lat": 20.4446703 }, "geometry": { "type": "MultiPoint", "coordinates": [ [ -103.214140000013899, 20.44467027801478 ] ] } },
{ "type": "Feature", "properties": { "g_id": 31577, "cve_ent": "14", "nom_ent": "Jalisco", "cve_mun": "044", "cvegeomun": "14044", "nom_mun": "Ixtlahuacán de los Membrillos", "cve_loc": "0175", "cvegeoloc": "140440175", "nom_loc": "La Florida", "clave_pueblo": 801, "nombre_pueblo": "Purépecha/Pʾurhépecha/Pʾurhé/Tarasco", "pihogares": 5, "x_long": -103.1416661, "y_lat": 20.4083333 }, "geometry": { "type": "MultiPoint", "coordinates": [ [ -103.141666111263007, 20.408333332677579 ] ] } },
{ "type": "Feature", "properties": { "g_id": 31578, "cve_ent": "14", "nom_ent": "Jalisco", "cve_mun": "044", "cvegeomun": "14044", "nom_mun": "Ixtlahuacán de los Membrillos", "cve_loc": "0180", "cvegeoloc": "140440180", "nom_loc": "La Capilla [Residencial]", "clave_pueblo": 211, "nombre_pueblo": "Náhuatl", "pihogares": 9, "x_long": -103.2108883, "y_lat": 20.4386378 }, "geometry": { "type": "MultiPoint", "coordinates": [ [ -103.210888332609699, 20.438637777655451 ] ] } },
{ "type": "Feature", "properties": { "g_id": 31579, "cve_ent": "14", "nom_ent": "Jalisco", "cve_mun": "044", "cvegeomun": "14044", "nom_mun": "Ixtlahuacán de los Membrillos", "cve_loc": "0180", "cvegeoloc": "140440180", "nom_loc": "La Capilla [Residencial]", "clave_pueblo": 601, "nombre_pueblo": "Teenek/Huasteco", "pihogares": 3, "x_long": -103.2108883, "y_lat": 20.4386378 }, "geometry": { "type": "MultiPoint", "coordinates": [ [ -103.210888332609699, 20.438637777655451 ] ] } },
{ "type": "Feature", "properties": { "g_id": 31580, "cve_ent": "14", "nom_ent": "Jalisco", "cve_mun": "044", "cvegeomun": "14044", "nom_mun": "Ixtlahuacán de los Membrillos", "cve_loc": "0180", "cvegeoloc": "140440180", "nom_loc": "La Capilla [Residencial]", "clave_pueblo": 607, "nombre_pueblo": "Tsotsil", "pihogares": 3, "x_long": -103.2108883, "y_lat": 20.4386378 }, "geometry": { "type": "MultiPoint", "coordinates": [ [ -103.210888332609699, 20.438637777655451 ] ] } },
{ "type": "Feature", "properties": { "g_id": 31581, "cve_ent": "14", "nom_ent": "Jalisco", "cve_mun": "044", "cvegeomun": "14044", "nom_mun": "Ixtlahuacán de los Membrillos", "cve_loc": "0180", "cvegeoloc": "140440180", "nom_loc": "La Capilla [Residencial]", "clave_pueblo": 801, "nombre_pueblo": "Purépecha/Pʾurhépecha/Pʾurhé/Tarasco", "pihogares": 18, "x_long": -103.2108883, "y_lat": 20.4386378 }, "geometry": { "type": "MultiPoint", "coordinates": [ [ -103.210888332609699, 20.438637777655451 ] ] } },
{ "type": "Feature", "properties": { "g_id": 31582, "cve_ent": "14", "nom_ent": "Jalisco", "cve_mun": "044", "cvegeomun": "14044", "nom_mun": "Ixtlahuacán de los Membrillos", "cve_loc": "0180", "cvegeoloc": "140440180", "nom_loc": "La Capilla [Residencial]", "clave_pueblo": 907, "nombre_pueblo": "Zoque", "pihogares": 7, "x_long": -103.2108883, "y_lat": 20.4386378 }, "geometry": { "type": "MultiPoint", "coordinates": [ [ -103.210888332609699, 20.438637777655451 ] ] } },
{ "type": "Feature", "properties": { "g_id": 32275, "cve_ent": "14", "nom_ent": "Jalisco", "cve_mun": "070", "cvegeomun": "14070", "nom_mun": "El Salto", "cve_loc": "0001", "cvegeoloc": "140700001", "nom_loc": "El Salto", "clave_pueblo": 207, "nombre_pueblo": "Yoeme/Yaqui", "pihogares": 10, "x_long": -103.1816667, "y_lat": 20.5194444 }, "geometry": { "type": "MultiPoint", "coordinates": [ [ -103.1816666666667, 20.519444444444449 ] ] } },
{ "type": "Feature", "properties": { "g_id": 32276, "cve_ent": "14", "nom_ent": "Jalisco", "cve_mun": "070", "cvegeomun": "14070", "nom_mun": "El Salto", "cve_loc": "0001", "cvegeoloc": "140700001", "nom_loc": "El Salto", "clave_pueblo": 210, "nombre_pueblo": "Wixárika/Huichol", "pihogares": 2, "x_long": -103.1816667, "y_lat": 20.5194444 }, "geometry": { "type": "MultiPoint", "coordinates": [ [ -103.1816666666667, 20.519444444444449 ] ] } },
{ "type": "Feature", "properties": { "g_id": 32277, "cve_ent": "14", "nom_ent": "Jalisco", "cve_mun": "070", "cvegeomun": "14070", "nom_mun": "El Salto", "cve_loc": "0001", "cvegeoloc": "140700001", "nom_loc": "El Salto", "clave_pueblo": 211, "nombre_pueblo": "Náhuatl", "pihogares": 30, "x_long": -103.1816667, "y_lat": 20.5194444 }, "geometry": { "type": "MultiPoint", "coordinates": [ [ -103.1816666666667, 20.519444444444449 ] ] } },
{ "type": "Feature", "properties": { "g_id": 32278, "cve_ent": "14", "nom_ent": "Jalisco", "cve_mun": "070", "cvegeomun": "14070", "nom_mun": "El Salto", "cve_loc": "0001", "cvegeoloc": "140700001", "nom_loc": "El Salto", "clave_pueblo": 501, "nombre_pueblo": "Otomí", "pihogares": 13, "x_long": -103.1816667, "y_lat": 20.5194444 }, "geometry": { "type": "MultiPoint", "coordinates": [ [ -103.1816666666667, 20.519444444444449 ] ] } },
{ "type": "Feature", "properties": { "g_id": 32279, "cve_ent": "14", "nom_ent": "Jalisco", "cve_mun": "070", "cvegeomun": "14070", "nom_mun": "El Salto", "cve_loc": "0001", "cvegeoloc": "140700001", "nom_loc": "El Salto", "clave_pueblo": 509, "nombre_pueblo": "Mazateco", "pihogares": 6, "x_long": -103.1816667, "y_lat": 20.5194444 }, "geometry": { "type": "MultiPoint", "coordinates": [ [ -103.1816666666667, 20.519444444444449 ] ] } },
{ "type": "Feature", "properties": { "g_id": 32280, "cve_ent": "14", "nom_ent": "Jalisco", "cve_mun": "070", "cvegeomun": "14070", "nom_mun": "El Salto", "cve_loc": "0001", "cvegeoloc": "140700001", "nom_loc": "El Salto", "clave_pueblo": 513, "nombre_pueblo": "Binnizá/Zapoteco", "pihogares": 7, "x_long": -103.1816667, "y_lat": 20.5194444 }, "geometry": { "type": "MultiPoint", "coordinates": [ [ -103.1816666666667, 20.519444444444449 ] ] } },
{ "type": "Feature", "properties": { "g_id": 32281, "cve_ent": "14", "nom_ent": "Jalisco", "cve_mun": "070", "cvegeomun": "14070", "nom_mun": "El Salto", "cve_loc": "0001", "cvegeoloc": "140700001", "nom_loc": "El Salto", "clave_pueblo": 516, "nombre_pueblo": "Na savi/Ñuu Saavi/Mixteco", "pihogares": 3, "x_long": -103.1816667, "y_lat": 20.5194444 }, "geometry": { "type": "MultiPoint", "coordinates": [ [ -103.1816666666667, 20.519444444444449 ] ] } },
{ "type": "Feature", "properties": { "g_id": 32282, "cve_ent": "14", "nom_ent": "Jalisco", "cve_mun": "070", "cvegeomun": "14070", "nom_mun": "El Salto", "cve_loc": "0001", "cvegeoloc": "140700001", "nom_loc": "El Salto", "clave_pueblo": 601, "nombre_pueblo": "Teenek/Huasteco", "pihogares": 7, "x_long": -103.1816667, "y_lat": 20.5194444 }, "geometry": { "type": "MultiPoint", "coordinates": [ [ -103.1816666666667, 20.519444444444449 ] ] } },
{ "type": "Feature", "properties": { "g_id": 32283, "cve_ent": "14", "nom_ent": "Jalisco", "cve_mun": "070", "cvegeomun": "14070", "nom_mun": "El Salto", "cve_loc": "0001", "cvegeoloc": "140700001", "nom_loc": "El Salto", "clave_pueblo": 606, "nombre_pueblo": "Tseltal", "pihogares": 4, "x_long": -103.1816667, "y_lat": 20.5194444 }, "geometry": { "type": "MultiPoint", "coordinates": [ [ -103.1816666666667, 20.519444444444449 ] ] } },
{ "type": "Feature", "properties": { "g_id": 32284, "cve_ent": "14", "nom_ent": "Jalisco", "cve_mun": "070", "cvegeomun": "14070", "nom_mun": "El Salto", "cve_loc": "0001", "cvegeoloc": "140700001", "nom_loc": "El Salto", "clave_pueblo": 701, "nombre_pueblo": "Totonaco", "pihogares": 3, "x_long": -103.1816667, "y_lat": 20.5194444 }, "geometry": { "type": "MultiPoint", "coordinates": [ [ -103.1816666666667, 20.519444444444449 ] ] } },
{ "type": "Feature", "properties": { "g_id": 32285, "cve_ent": "14", "nom_ent": "Jalisco", "cve_mun": "070", "cvegeomun": "14070", "nom_mun": "El Salto", "cve_loc": "0001", "cvegeoloc": "140700001", "nom_loc": "El Salto", "clave_pueblo": 801, "nombre_pueblo": "Purépecha/Pʾurhépecha/Pʾurhé/Tarasco", "pihogares": 61, "x_long": -103.1816667, "y_lat": 20.5194444 }, "geometry": { "type": "MultiPoint", "coordinates": [ [ -103.1816666666667, 20.519444444444449 ] ] } },
{ "type": "Feature", "properties": { "g_id": 32286, "cve_ent": "14", "nom_ent": "Jalisco", "cve_mun": "070", "cvegeomun": "14070", "nom_mun": "El Salto", "cve_loc": "0001", "cvegeoloc": "140700001", "nom_loc": "El Salto", "clave_pueblo": 907, "nombre_pueblo": "Zoque", "pihogares": 3, "x_long": -103.1816667, "y_lat": 20.5194444 }, "geometry": { "type": "MultiPoint", "coordinates": [ [ -103.1816666666667, 20.519444444444449 ] ] } },
{ "type": "Feature", "properties": { "g_id": 32287, "cve_ent": "14", "nom_ent": "Jalisco", "cve_mun": "070", "cvegeomun": "14070", "nom_mun": "El Salto", "cve_loc": "0009", "cvegeoloc": "140700009", "nom_loc": "Hacienda Vieja del Castillo (Castillo Viejo)", "clave_pueblo": 211, "nombre_pueblo": "Náhuatl", "pihogares": 7, "x_long": -103.2447097, "y_lat": 20.5382858 }, "geometry": { "type": "MultiPoint", "coordinates": [ [ -103.244709721888697, 20.53828583287844 ] ] } },
{ "type": "Feature", "properties": { "g_id": 32288, "cve_ent": "14", "nom_ent": "Jalisco", "cve_mun": "070", "cvegeomun": "14070", "nom_mun": "El Salto", "cve_loc": "0009", "cvegeoloc": "140700009", "nom_loc": "Hacienda Vieja del Castillo (Castillo Viejo)", "clave_pueblo": 508, "nombre_pueblo": "Meʾphaa/Tlapaneco", "pihogares": 4, "x_long": -103.2447097, "y_lat": 20.5382858 }, "geometry": { "type": "MultiPoint", "coordinates": [ [ -103.244709721888697, 20.53828583287844 ] ] } },
{ "type": "Feature", "properties": { "g_id": 32289, "cve_ent": "14", "nom_ent": "Jalisco", "cve_mun": "070", "cvegeomun": "14070", "nom_mun": "El Salto", "cve_loc": "0011", "cvegeoloc": "140700011", "nom_loc": "El Muey", "clave_pueblo": 211, "nombre_pueblo": "Náhuatl", "pihogares": 16, "x_long": -103.2180258, "y_lat": 20.5062842 }, "geometry": { "type": "MultiPoint", "coordinates": [ [ -103.218025832643093, 20.506284167351481 ] ] } },
{ "type": "Feature", "properties": { "g_id": 32290, "cve_ent": "14", "nom_ent": "Jalisco", "cve_mun": "070", "cvegeomun": "14070", "nom_mun": "El Salto", "cve_loc": "0011", "cvegeoloc": "140700011", "nom_loc": "El Muey", "clave_pueblo": 502, "nombre_pueblo": "Jñatrjo/Mazahua", "pihogares": 3, "x_long": -103.2180258, "y_lat": 20.5062842 }, "geometry": { "type": "MultiPoint", "coordinates": [ [ -103.218025832643093, 20.506284167351481 ] ] } },
{ "type": "Feature", "properties": { "g_id": 32291, "cve_ent": "14", "nom_ent": "Jalisco", "cve_mun": "070", "cvegeomun": "14070", "nom_mun": "El Salto", "cve_loc": "0011", "cvegeoloc": "140700011", "nom_loc": "El Muey", "clave_pueblo": 513, "nombre_pueblo": "Binnizá/Zapoteco", "pihogares": 6, "x_long": -103.2180258, "y_lat": 20.5062842 }, "geometry": { "type": "MultiPoint", "coordinates": [ [ -103.218025832643093, 20.506284167351481 ] ] } },
{ "type": "Feature", "properties": { "g_id": 32292, "cve_ent": "14", "nom_ent": "Jalisco", "cve_mun": "070", "cvegeomun": "14070", "nom_mun": "El Salto", "cve_loc": "0011", "cvegeoloc": "140700011", "nom_loc": "El Muey", "clave_pueblo": 516, "nombre_pueblo": "Na savi/Ñuu Saavi/Mixteco", "pihogares": 8, "x_long": -103.2180258, "y_lat": 20.5062842 }, "geometry": { "type": "MultiPoint", "coordinates": [ [ -103.218025832643093, 20.506284167351481 ] ] } },
{ "type": "Feature", "properties": { "g_id": 32293, "cve_ent": "14", "nom_ent": "Jalisco", "cve_mun": "070", "cvegeomun": "14070", "nom_mun": "El Salto", "cve_loc": "0011", "cvegeoloc": "140700011", "nom_loc": "El Muey", "clave_pueblo": 601, "nombre_pueblo": "Teenek/Huasteco", "pihogares": 10, "x_long": -103.2180258, "y_lat": 20.5062842 }, "geometry": { "type": "MultiPoint", "coordinates": [ [ -103.218025832643093, 20.506284167351481 ] ] } },
{ "type": "Feature", "properties": { "g_id": 32294, "cve_ent": "14", "nom_ent": "Jalisco", "cve_mun": "070", "cvegeomun": "14070", "nom_mun": "El Salto", "cve_loc": "0011", "cvegeoloc": "140700011", "nom_loc": "El Muey", "clave_pueblo": 801, "nombre_pueblo": "Purépecha/Pʾurhépecha/Pʾurhé/Tarasco", "pihogares": 4, "x_long": -103.2180258, "y_lat": 20.5062842 }, "geometry": { "type": "MultiPoint", "coordinates": [ [ -103.218025832643093, 20.506284167351481 ] ] } },
{ "type": "Feature", "properties": { "g_id": 32295, "cve_ent": "14", "nom_ent": "Jalisco", "cve_mun": "070", "cvegeomun": "14070", "nom_mun": "El Salto", "cve_loc": "0013", "cvegeoloc": "140700013", "nom_loc": "Las Pintas", "clave_pueblo": 209, "nombre_pueblo": "Náayari/Cora", "pihogares": 8, "x_long": -103.3211111, "y_lat": 20.5763889 }, "geometry": { "type": "MultiPoint", "coordinates": [ [ -103.321111111111094, 20.576388888888889 ] ] } },
{ "type": "Feature", "properties": { "g_id": 32296, "cve_ent": "14", "nom_ent": "Jalisco", "cve_mun": "070", "cvegeomun": "14070", "nom_mun": "El Salto", "cve_loc": "0013", "cvegeoloc": "140700013", "nom_loc": "Las Pintas", "clave_pueblo": 210, "nombre_pueblo": "Wixárika/Huichol", "pihogares": 11, "x_long": -103.3211111, "y_lat": 20.5763889 }, "geometry": { "type": "MultiPoint", "coordinates": [ [ -103.321111111111094, 20.576388888888889 ] ] } },
{ "type": "Feature", "properties": { "g_id": 32297, "cve_ent": "14", "nom_ent": "Jalisco", "cve_mun": "070", "cvegeomun": "14070", "nom_mun": "El Salto", "cve_loc": "0013", "cvegeoloc": "140700013", "nom_loc": "Las Pintas", "clave_pueblo": 211, "nombre_pueblo": "Náhuatl", "pihogares": 136, "x_long": -103.3211111, "y_lat": 20.5763889 }, "geometry": { "type": "MultiPoint", "coordinates": [ [ -103.321111111111094, 20.576388888888889 ] ] } },
{ "type": "Feature", "properties": { "g_id": 32298, "cve_ent": "14", "nom_ent": "Jalisco", "cve_mun": "070", "cvegeomun": "14070", "nom_mun": "El Salto", "cve_loc": "0013", "cvegeoloc": "140700013", "nom_loc": "Las Pintas", "clave_pueblo": 501, "nombre_pueblo": "Otomí", "pihogares": 25, "x_long": -103.3211111, "y_lat": 20.5763889 }, "geometry": { "type": "MultiPoint", "coordinates": [ [ -103.321111111111094, 20.576388888888889 ] ] } },
{ "type": "Feature", "properties": { "g_id": 32299, "cve_ent": "14", "nom_ent": "Jalisco", "cve_mun": "070", "cvegeomun": "14070", "nom_mun": "El Salto", "cve_loc": "0013", "cvegeoloc": "140700013", "nom_loc": "Las Pintas", "clave_pueblo": 502, "nombre_pueblo": "Jñatrjo/Mazahua", "pihogares": 17, "x_long": -103.3211111, "y_lat": 20.5763889 }, "geometry": { "type": "MultiPoint", "coordinates": [ [ -103.321111111111094, 20.576388888888889 ] ] } },
{ "type": "Feature", "properties": { "g_id": 32300, "cve_ent": "14", "nom_ent": "Jalisco", "cve_mun": "070", "cvegeomun": "14070", "nom_mun": "El Salto", "cve_loc": "0013", "cvegeoloc": "140700013", "nom_loc": "Las Pintas", "clave_pueblo": 507, "nombre_pueblo": "Chinanteco", "pihogares": 9, "x_long": -103.3211111, "y_lat": 20.5763889 }, "geometry": { "type": "MultiPoint", "coordinates": [ [ -103.321111111111094, 20.576388888888889 ] ] } },
{ "type": "Feature", "properties": { "g_id": 32301, "cve_ent": "14", "nom_ent": "Jalisco", "cve_mun": "070", "cvegeomun": "14070", "nom_mun": "El Salto", "cve_loc": "0013", "cvegeoloc": "140700013", "nom_loc": "Las Pintas", "clave_pueblo": 508, "nombre_pueblo": "Meʾphaa/Tlapaneco", "pihogares": 6, "x_long": -103.3211111, "y_lat": 20.5763889 }, "geometry": { "type": "MultiPoint", "coordinates": [ [ -103.321111111111094, 20.576388888888889 ] ] } },
{ "type": "Feature", "properties": { "g_id": 32302, "cve_ent": "14", "nom_ent": "Jalisco", "cve_mun": "070", "cvegeomun": "14070", "nom_mun": "El Salto", "cve_loc": "0013", "cvegeoloc": "140700013", "nom_loc": "Las Pintas", "clave_pueblo": 509, "nombre_pueblo": "Mazateco", "pihogares": 2, "x_long": -103.3211111, "y_lat": 20.5763889 }, "geometry": { "type": "MultiPoint", "coordinates": [ [ -103.321111111111094, 20.576388888888889 ] ] } },
{ "type": "Feature", "properties": { "g_id": 32303, "cve_ent": "14", "nom_ent": "Jalisco", "cve_mun": "070", "cvegeomun": "14070", "nom_mun": "El Salto", "cve_loc": "0013", "cvegeoloc": "140700013", "nom_loc": "Las Pintas", "clave_pueblo": 513, "nombre_pueblo": "Binnizá/Zapoteco", "pihogares": 45, "x_long": -103.3211111, "y_lat": 20.5763889 }, "geometry": { "type": "MultiPoint", "coordinates": [ [ -103.321111111111094, 20.576388888888889 ] ] } },
{ "type": "Feature", "properties": { "g_id": 32304, "cve_ent": "14", "nom_ent": "Jalisco", "cve_mun": "070", "cvegeomun": "14070", "nom_mun": "El Salto", "cve_loc": "0013", "cvegeoloc": "140700013", "nom_loc": "Las Pintas", "clave_pueblo": 516, "nombre_pueblo": "Na savi/Ñuu Saavi/Mixteco", "pihogares": 109, "x_long": -103.3211111, "y_lat": 20.5763889 }, "geometry": { "type": "MultiPoint", "coordinates": [ [ -103.321111111111094, 20.576388888888889 ] ] } },
{ "type": "Feature", "properties": { "g_id": 32305, "cve_ent": "14", "nom_ent": "Jalisco", "cve_mun": "070", "cvegeomun": "14070", "nom_mun": "El Salto", "cve_loc": "0013", "cvegeoloc": "140700013", "nom_loc": "Las Pintas", "clave_pueblo": 601, "nombre_pueblo": "Teenek/Huasteco", "pihogares": 53, "x_long": -103.3211111, "y_lat": 20.5763889 }, "geometry": { "type": "MultiPoint", "coordinates": [ [ -103.321111111111094, 20.576388888888889 ] ] } },
{ "type": "Feature", "properties": { "g_id": 32306, "cve_ent": "14", "nom_ent": "Jalisco", "cve_mun": "070", "cvegeomun": "14070", "nom_mun": "El Salto", "cve_loc": "0013", "cvegeoloc": "140700013", "nom_loc": "Las Pintas", "clave_pueblo": 602, "nombre_pueblo": "Mayaʾwiinik/Maya", "pihogares": 1, "x_long": -103.3211111, "y_lat": 20.5763889 }, "geometry": { "type": "MultiPoint", "coordinates": [ [ -103.321111111111094, 20.576388888888889 ] ] } },
{ "type": "Feature", "properties": { "g_id": 32307, "cve_ent": "14", "nom_ent": "Jalisco", "cve_mun": "070", "cvegeomun": "14070", "nom_mun": "El Salto", "cve_loc": "0013", "cvegeoloc": "140700013", "nom_loc": "Las Pintas", "clave_pueblo": 606, "nombre_pueblo": "Tseltal", "pihogares": 2, "x_long": -103.3211111, "y_lat": 20.5763889 }, "geometry": { "type": "MultiPoint", "coordinates": [ [ -103.321111111111094, 20.576388888888889 ] ] } },
{ "type": "Feature", "properties": { "g_id": 32308, "cve_ent": "14", "nom_ent": "Jalisco", "cve_mun": "070", "cvegeomun": "14070", "nom_mun": "El Salto", "cve_loc": "0013", "cvegeoloc": "140700013", "nom_loc": "Las Pintas", "clave_pueblo": 607, "nombre_pueblo": "Tsotsil", "pihogares": 1, "x_long": -103.3211111, "y_lat": 20.5763889 }, "geometry": { "type": "MultiPoint", "coordinates": [ [ -103.321111111111094, 20.576388888888889 ] ] } },
{ "type": "Feature", "properties": { "g_id": 32309, "cve_ent": "14", "nom_ent": "Jalisco", "cve_mun": "070", "cvegeomun": "14070", "nom_mun": "El Salto", "cve_loc": "0013", "cvegeoloc": "140700013", "nom_loc": "Las Pintas", "clave_pueblo": 701, "nombre_pueblo": "Totonaco", "pihogares": 47, "x_long": -103.3211111, "y_lat": 20.5763889 }, "geometry": { "type": "MultiPoint", "coordinates": [ [ -103.321111111111094, 20.576388888888889 ] ] } },
{ "type": "Feature", "properties": { "g_id": 32310, "cve_ent": "14", "nom_ent": "Jalisco", "cve_mun": "070", "cvegeomun": "14070", "nom_mun": "El Salto", "cve_loc": "0013", "cvegeoloc": "140700013", "nom_loc": "Las Pintas", "clave_pueblo": 801, "nombre_pueblo": "Purépecha/Pʾurhépecha/Pʾurhé/Tarasco", "pihogares": 158, "x_long": -103.3211111, "y_lat": 20.5763889 }, "geometry": { "type": "MultiPoint", "coordinates": [ [ -103.321111111111094, 20.576388888888889 ] ] } },
{ "type": "Feature", "properties": { "g_id": 32311, "cve_ent": "14", "nom_ent": "Jalisco", "cve_mun": "070", "cvegeomun": "14070", "nom_mun": "El Salto", "cve_loc": "0013", "cvegeoloc": "140700013", "nom_loc": "Las Pintas", "clave_pueblo": 901, "nombre_pueblo": "Ayuuk/Ayook/Mixe", "pihogares": 4, "x_long": -103.3211111, "y_lat": 20.5763889 }, "geometry": { "type": "MultiPoint", "coordinates": [ [ -103.321111111111094, 20.576388888888889 ] ] } },
{ "type": "Feature", "properties": { "g_id": 32312, "cve_ent": "14", "nom_ent": "Jalisco", "cve_mun": "070", "cvegeomun": "14070", "nom_mun": "El Salto", "cve_loc": "0013", "cvegeoloc": "140700013", "nom_loc": "Las Pintas", "clave_pueblo": 907, "nombre_pueblo": "Zoque", "pihogares": 11, "x_long": -103.3211111, "y_lat": 20.5763889 }, "geometry": { "type": "MultiPoint", "coordinates": [ [ -103.321111111111094, 20.576388888888889 ] ] } },
{ "type": "Feature", "properties": { "g_id": 32313, "cve_ent": "14", "nom_ent": "Jalisco", "cve_mun": "070", "cvegeomun": "14070", "nom_mun": "El Salto", "cve_loc": "0014", "cvegeoloc": "140700014", "nom_loc": "Las Pintitas", "clave_pueblo": 205, "nombre_pueblo": "Rarámuri/Ralamuli/Tarahumara", "pihogares": 3, "x_long": -103.3022222, "y_lat": 20.5644444 }, "geometry": { "type": "MultiPoint", "coordinates": [ [ -103.302222222222198, 20.56444444444444 ] ] } },
{ "type": "Feature", "properties": { "g_id": 32314, "cve_ent": "14", "nom_ent": "Jalisco", "cve_mun": "070", "cvegeomun": "14070", "nom_mun": "El Salto", "cve_loc": "0014", "cvegeoloc": "140700014", "nom_loc": "Las Pintitas", "clave_pueblo": 210, "nombre_pueblo": "Wixárika/Huichol", "pihogares": 26, "x_long": -103.3022222, "y_lat": 20.5644444 }, "geometry": { "type": "MultiPoint", "coordinates": [ [ -103.302222222222198, 20.56444444444444 ] ] } },
{ "type": "Feature", "properties": { "g_id": 32315, "cve_ent": "14", "nom_ent": "Jalisco", "cve_mun": "070", "cvegeomun": "14070", "nom_mun": "El Salto", "cve_loc": "0014", "cvegeoloc": "140700014", "nom_loc": "Las Pintitas", "clave_pueblo": 211, "nombre_pueblo": "Náhuatl", "pihogares": 61, "x_long": -103.3022222, "y_lat": 20.5644444 }, "geometry": { "type": "MultiPoint", "coordinates": [ [ -103.302222222222198, 20.56444444444444 ] ] } },
{ "type": "Feature", "properties": { "g_id": 32316, "cve_ent": "14", "nom_ent": "Jalisco", "cve_mun": "070", "cvegeomun": "14070", "nom_mun": "El Salto", "cve_loc": "0014", "cvegeoloc": "140700014", "nom_loc": "Las Pintitas", "clave_pueblo": 501, "nombre_pueblo": "Otomí", "pihogares": 33, "x_long": -103.3022222, "y_lat": 20.5644444 }, "geometry": { "type": "MultiPoint", "coordinates": [ [ -103.302222222222198, 20.56444444444444 ] ] } },
{ "type": "Feature", "properties": { "g_id": 32317, "cve_ent": "14", "nom_ent": "Jalisco", "cve_mun": "070", "cvegeomun": "14070", "nom_mun": "El Salto", "cve_loc": "0014", "cvegeoloc": "140700014", "nom_loc": "Las Pintitas", "clave_pueblo": 502, "nombre_pueblo": "Jñatrjo/Mazahua", "pihogares": 28, "x_long": -103.3022222, "y_lat": 20.5644444 }, "geometry": { "type": "MultiPoint", "coordinates": [ [ -103.302222222222198, 20.56444444444444 ] ] } },
{ "type": "Feature", "properties": { "g_id": 32318, "cve_ent": "14", "nom_ent": "Jalisco", "cve_mun": "070", "cvegeomun": "14070", "nom_mun": "El Salto", "cve_loc": "0014", "cvegeoloc": "140700014", "nom_loc": "Las Pintitas", "clave_pueblo": 507, "nombre_pueblo": "Chinanteco", "pihogares": 1, "x_long": -103.3022222, "y_lat": 20.5644444 }, "geometry": { "type": "MultiPoint", "coordinates": [ [ -103.302222222222198, 20.56444444444444 ] ] } },
{ "type": "Feature", "properties": { "g_id": 32319, "cve_ent": "14", "nom_ent": "Jalisco", "cve_mun": "070", "cvegeomun": "14070", "nom_mun": "El Salto", "cve_loc": "0014", "cvegeoloc": "140700014", "nom_loc": "Las Pintitas", "clave_pueblo": 508, "nombre_pueblo": "Meʾphaa/Tlapaneco", "pihogares": 1, "x_long": -103.3022222, "y_lat": 20.5644444 }, "geometry": { "type": "MultiPoint", "coordinates": [ [ -103.302222222222198, 20.56444444444444 ] ] } },
{ "type": "Feature", "properties": { "g_id": 32320, "cve_ent": "14", "nom_ent": "Jalisco", "cve_mun": "070", "cvegeomun": "14070", "nom_mun": "El Salto", "cve_loc": "0014", "cvegeoloc": "140700014", "nom_loc": "Las Pintitas", "clave_pueblo": 513, "nombre_pueblo": "Binnizá/Zapoteco", "pihogares": 24, "x_long": -103.3022222, "y_lat": 20.5644444 }, "geometry": { "type": "MultiPoint", "coordinates": [ [ -103.302222222222198, 20.56444444444444 ] ] } },
{ "type": "Feature", "properties": { "g_id": 32321, "cve_ent": "14", "nom_ent": "Jalisco", "cve_mun": "070", "cvegeomun": "14070", "nom_mun": "El Salto", "cve_loc": "0014", "cvegeoloc": "140700014", "nom_loc": "Las Pintitas", "clave_pueblo": 601, "nombre_pueblo": "Teenek/Huasteco", "pihogares": 36, "x_long": -103.3022222, "y_lat": 20.5644444 }, "geometry": { "type": "MultiPoint", "coordinates": [ [ -103.302222222222198, 20.56444444444444 ] ] } },
{ "type": "Feature", "properties": { "g_id": 32322, "cve_ent": "14", "nom_ent": "Jalisco", "cve_mun": "070", "cvegeomun": "14070", "nom_mun": "El Salto", "cve_loc": "0014", "cvegeoloc": "140700014", "nom_loc": "Las Pintitas", "clave_pueblo": 602, "nombre_pueblo": "Mayaʾwiinik/Maya", "pihogares": 2, "x_long": -103.3022222, "y_lat": 20.5644444 }, "geometry": { "type": "MultiPoint", "coordinates": [ [ -103.302222222222198, 20.56444444444444 ] ] } },
{ "type": "Feature", "properties": { "g_id": 32323, "cve_ent": "14", "nom_ent": "Jalisco", "cve_mun": "070", "cvegeomun": "14070", "nom_mun": "El Salto", "cve_loc": "0014", "cvegeoloc": "140700014", "nom_loc": "Las Pintitas", "clave_pueblo": 606, "nombre_pueblo": "Tseltal", "pihogares": 1, "x_long": -103.3022222, "y_lat": 20.5644444 }, "geometry": { "type": "MultiPoint", "coordinates": [ [ -103.302222222222198, 20.56444444444444 ] ] } },
{ "type": "Feature", "properties": { "g_id": 32324, "cve_ent": "14", "nom_ent": "Jalisco", "cve_mun": "070", "cvegeomun": "14070", "nom_mun": "El Salto", "cve_loc": "0014", "cvegeoloc": "140700014", "nom_loc": "Las Pintitas", "clave_pueblo": 607, "nombre_pueblo": "Tsotsil", "pihogares": 20, "x_long": -103.3022222, "y_lat": 20.5644444 }, "geometry": { "type": "MultiPoint", "coordinates": [ [ -103.302222222222198, 20.56444444444444 ] ] } },
{ "type": "Feature", "properties": { "g_id": 32325, "cve_ent": "14", "nom_ent": "Jalisco", "cve_mun": "070", "cvegeomun": "14070", "nom_mun": "El Salto", "cve_loc": "0014", "cvegeoloc": "140700014", "nom_loc": "Las Pintitas", "clave_pueblo": 701, "nombre_pueblo": "Totonaco", "pihogares": 3, "x_long": -103.3022222, "y_lat": 20.5644444 }, "geometry": { "type": "MultiPoint", "coordinates": [ [ -103.302222222222198, 20.56444444444444 ] ] } },
{ "type": "Feature", "properties": { "g_id": 32326, "cve_ent": "14", "nom_ent": "Jalisco", "cve_mun": "070", "cvegeomun": "14070", "nom_mun": "El Salto", "cve_loc": "0014", "cvegeoloc": "140700014", "nom_loc": "Las Pintitas", "clave_pueblo": 801, "nombre_pueblo": "Purépecha/Pʾurhépecha/Pʾurhé/Tarasco", "pihogares": 79, "x_long": -103.3022222, "y_lat": 20.5644444 }, "geometry": { "type": "MultiPoint", "coordinates": [ [ -103.302222222222198, 20.56444444444444 ] ] } },
{ "type": "Feature", "properties": { "g_id": 32327, "cve_ent": "14", "nom_ent": "Jalisco", "cve_mun": "070", "cvegeomun": "14070", "nom_mun": "El Salto", "cve_loc": "0014", "cvegeoloc": "140700014", "nom_loc": "Las Pintitas", "clave_pueblo": 901, "nombre_pueblo": "Ayuuk/Ayook/Mixe", "pihogares": 2, "x_long": -103.3022222, "y_lat": 20.5644444 }, "geometry": { "type": "MultiPoint", "coordinates": [ [ -103.302222222222198, 20.56444444444444 ] ] } },
{ "type": "Feature", "properties": { "g_id": 32328, "cve_ent": "14", "nom_ent": "Jalisco", "cve_mun": "070", "cvegeomun": "14070", "nom_mun": "El Salto", "cve_loc": "0014", "cvegeoloc": "140700014", "nom_loc": "Las Pintitas", "clave_pueblo": 907, "nombre_pueblo": "Zoque", "pihogares": 2, "x_long": -103.3022222, "y_lat": 20.5644444 }, "geometry": { "type": "MultiPoint", "coordinates": [ [ -103.302222222222198, 20.56444444444444 ] ] } },
{ "type": "Feature", "properties": { "g_id": 32329, "cve_ent": "14", "nom_ent": "Jalisco", "cve_mun": "070", "cvegeomun": "14070", "nom_mun": "El Salto", "cve_loc": "0020", "cvegeoloc": "140700020", "nom_loc": "San José del Castillo", "clave_pueblo": 207, "nombre_pueblo": "Yoeme/Yaqui", "pihogares": 1, "x_long": -103.235, "y_lat": 20.5055556 }, "geometry": { "type": "MultiPoint", "coordinates": [ [ -103.235, 20.50555555555556 ] ] } },
{ "type": "Feature", "properties": { "g_id": 32330, "cve_ent": "14", "nom_ent": "Jalisco", "cve_mun": "070", "cvegeomun": "14070", "nom_mun": "El Salto", "cve_loc": "0020", "cvegeoloc": "140700020", "nom_loc": "San José del Castillo", "clave_pueblo": 209, "nombre_pueblo": "Náayari/Cora", "pihogares": 1, "x_long": -103.235, "y_lat": 20.5055556 }, "geometry": { "type": "MultiPoint", "coordinates": [ [ -103.235, 20.50555555555556 ] ] } },
{ "type": "Feature", "properties": { "g_id": 32331, "cve_ent": "14", "nom_ent": "Jalisco", "cve_mun": "070", "cvegeomun": "14070", "nom_mun": "El Salto", "cve_loc": "0020", "cvegeoloc": "140700020", "nom_loc": "San José del Castillo", "clave_pueblo": 210, "nombre_pueblo": "Wixárika/Huichol", "pihogares": 17, "x_long": -103.235, "y_lat": 20.5055556 }, "geometry": { "type": "MultiPoint", "coordinates": [ [ -103.235, 20.50555555555556 ] ] } },
{ "type": "Feature", "properties": { "g_id": 32332, "cve_ent": "14", "nom_ent": "Jalisco", "cve_mun": "070", "cvegeomun": "14070", "nom_mun": "El Salto", "cve_loc": "0020", "cvegeoloc": "140700020", "nom_loc": "San José del Castillo", "clave_pueblo": 211, "nombre_pueblo": "Náhuatl", "pihogares": 140, "x_long": -103.235, "y_lat": 20.5055556 }, "geometry": { "type": "MultiPoint", "coordinates": [ [ -103.235, 20.50555555555556 ] ] } },
{ "type": "Feature", "properties": { "g_id": 32333, "cve_ent": "14", "nom_ent": "Jalisco", "cve_mun": "070", "cvegeomun": "14070", "nom_mun": "El Salto", "cve_loc": "0020", "cvegeoloc": "140700020", "nom_loc": "San José del Castillo", "clave_pueblo": 501, "nombre_pueblo": "Otomí", "pihogares": 3, "x_long": -103.235, "y_lat": 20.5055556 }, "geometry": { "type": "MultiPoint", "coordinates": [ [ -103.235, 20.50555555555556 ] ] } },
{ "type": "Feature", "properties": { "g_id": 32334, "cve_ent": "14", "nom_ent": "Jalisco", "cve_mun": "070", "cvegeomun": "14070", "nom_mun": "El Salto", "cve_loc": "0020", "cvegeoloc": "140700020", "nom_loc": "San José del Castillo", "clave_pueblo": 507, "nombre_pueblo": "Chinanteco", "pihogares": 2, "x_long": -103.235, "y_lat": 20.5055556 }, "geometry": { "type": "MultiPoint", "coordinates": [ [ -103.235, 20.50555555555556 ] ] } },
{ "type": "Feature", "properties": { "g_id": 32335, "cve_ent": "14", "nom_ent": "Jalisco", "cve_mun": "070", "cvegeomun": "14070", "nom_mun": "El Salto", "cve_loc": "0020", "cvegeoloc": "140700020", "nom_loc": "San José del Castillo", "clave_pueblo": 508, "nombre_pueblo": "Meʾphaa/Tlapaneco", "pihogares": 15, "x_long": -103.235, "y_lat": 20.5055556 }, "geometry": { "type": "MultiPoint", "coordinates": [ [ -103.235, 20.50555555555556 ] ] } },
{ "type": "Feature", "properties": { "g_id": 32336, "cve_ent": "14", "nom_ent": "Jalisco", "cve_mun": "070", "cvegeomun": "14070", "nom_mun": "El Salto", "cve_loc": "0020", "cvegeoloc": "140700020", "nom_loc": "San José del Castillo", "clave_pueblo": 509, "nombre_pueblo": "Mazateco", "pihogares": 5, "x_long": -103.235, "y_lat": 20.5055556 }, "geometry": { "type": "MultiPoint", "coordinates": [ [ -103.235, 20.50555555555556 ] ] } },
{ "type": "Feature", "properties": { "g_id": 32337, "cve_ent": "14", "nom_ent": "Jalisco", "cve_mun": "070", "cvegeomun": "14070", "nom_mun": "El Salto", "cve_loc": "0020", "cvegeoloc": "140700020", "nom_loc": "San José del Castillo", "clave_pueblo": 513, "nombre_pueblo": "Binnizá/Zapoteco", "pihogares": 50, "x_long": -103.235, "y_lat": 20.5055556 }, "geometry": { "type": "MultiPoint", "coordinates": [ [ -103.235, 20.50555555555556 ] ] } },
{ "type": "Feature", "properties": { "g_id": 32338, "cve_ent": "14", "nom_ent": "Jalisco", "cve_mun": "070", "cvegeomun": "14070", "nom_mun": "El Salto", "cve_loc": "0020", "cvegeoloc": "140700020", "nom_loc": "San José del Castillo", "clave_pueblo": 515, "nombre_pueblo": "Nn'anncue/Amuzgo", "pihogares": 7, "x_long": -103.235, "y_lat": 20.5055556 }, "geometry": { "type": "MultiPoint", "coordinates": [ [ -103.235, 20.50555555555556 ] ] } },
{ "type": "Feature", "properties": { "g_id": 32339, "cve_ent": "14", "nom_ent": "Jalisco", "cve_mun": "070", "cvegeomun": "14070", "nom_mun": "El Salto", "cve_loc": "0020", "cvegeoloc": "140700020", "nom_loc": "San José del Castillo", "clave_pueblo": 516, "nombre_pueblo": "Na savi/Ñuu Saavi/Mixteco", "pihogares": 28, "x_long": -103.235, "y_lat": 20.5055556 }, "geometry": { "type": "MultiPoint", "coordinates": [ [ -103.235, 20.50555555555556 ] ] } },
{ "type": "Feature", "properties": { "g_id": 32340, "cve_ent": "14", "nom_ent": "Jalisco", "cve_mun": "070", "cvegeomun": "14070", "nom_mun": "El Salto", "cve_loc": "0020", "cvegeoloc": "140700020", "nom_loc": "San José del Castillo", "clave_pueblo": 601, "nombre_pueblo": "Teenek/Huasteco", "pihogares": 46, "x_long": -103.235, "y_lat": 20.5055556 }, "geometry": { "type": "MultiPoint", "coordinates": [ [ -103.235, 20.50555555555556 ] ] } },
{ "type": "Feature", "properties": { "g_id": 32341, "cve_ent": "14", "nom_ent": "Jalisco", "cve_mun": "070", "cvegeomun": "14070", "nom_mun": "El Salto", "cve_loc": "0020", "cvegeoloc": "140700020", "nom_loc": "San José del Castillo", "clave_pueblo": 602, "nombre_pueblo": "Mayaʾwiinik/Maya", "pihogares": 4, "x_long": -103.235, "y_lat": 20.5055556 }, "geometry": { "type": "MultiPoint", "coordinates": [ [ -103.235, 20.50555555555556 ] ] } },
{ "type": "Feature", "properties": { "g_id": 32342, "cve_ent": "14", "nom_ent": "Jalisco", "cve_mun": "070", "cvegeomun": "14070", "nom_mun": "El Salto", "cve_loc": "0020", "cvegeoloc": "140700020", "nom_loc": "San José del Castillo", "clave_pueblo": 604, "nombre_pueblo": "Ch'ol", "pihogares": 8, "x_long": -103.235, "y_lat": 20.5055556 }, "geometry": { "type": "MultiPoint", "coordinates": [ [ -103.235, 20.50555555555556 ] ] } },
{ "type": "Feature", "properties": { "g_id": 32343, "cve_ent": "14", "nom_ent": "Jalisco", "cve_mun": "070", "cvegeomun": "14070", "nom_mun": "El Salto", "cve_loc": "0020", "cvegeoloc": "140700020", "nom_loc": "San José del Castillo", "clave_pueblo": 606, "nombre_pueblo": "Tseltal", "pihogares": 1, "x_long": -103.235, "y_lat": 20.5055556 }, "geometry": { "type": "MultiPoint", "coordinates": [ [ -103.235, 20.50555555555556 ] ] } },
{ "type": "Feature", "properties": { "g_id": 32344, "cve_ent": "14", "nom_ent": "Jalisco", "cve_mun": "070", "cvegeomun": "14070", "nom_mun": "El Salto", "cve_loc": "0020", "cvegeoloc": "140700020", "nom_loc": "San José del Castillo", "clave_pueblo": 607, "nombre_pueblo": "Tsotsil", "pihogares": 2, "x_long": -103.235, "y_lat": 20.5055556 }, "geometry": { "type": "MultiPoint", "coordinates": [ [ -103.235, 20.50555555555556 ] ] } },
{ "type": "Feature", "properties": { "g_id": 32345, "cve_ent": "14", "nom_ent": "Jalisco", "cve_mun": "070", "cvegeomun": "14070", "nom_mun": "El Salto", "cve_loc": "0020", "cvegeoloc": "140700020", "nom_loc": "San José del Castillo", "clave_pueblo": 616, "nombre_pueblo": "Kaqchikel", "pihogares": 1, "x_long": -103.235, "y_lat": 20.5055556 }, "geometry": { "type": "MultiPoint", "coordinates": [ [ -103.235, 20.50555555555556 ] ] } },
{ "type": "Feature", "properties": { "g_id": 32346, "cve_ent": "14", "nom_ent": "Jalisco", "cve_mun": "070", "cvegeomun": "14070", "nom_mun": "El Salto", "cve_loc": "0020", "cvegeoloc": "140700020", "nom_loc": "San José del Castillo", "clave_pueblo": 701, "nombre_pueblo": "Totonaco", "pihogares": 2, "x_long": -103.235, "y_lat": 20.5055556 }, "geometry": { "type": "MultiPoint", "coordinates": [ [ -103.235, 20.50555555555556 ] ] } },
{ "type": "Feature", "properties": { "g_id": 32347, "cve_ent": "14", "nom_ent": "Jalisco", "cve_mun": "070", "cvegeomun": "14070", "nom_mun": "El Salto", "cve_loc": "0020", "cvegeoloc": "140700020", "nom_loc": "San José del Castillo", "clave_pueblo": 801, "nombre_pueblo": "Purépecha/Pʾurhépecha/Pʾurhé/Tarasco", "pihogares": 44, "x_long": -103.235, "y_lat": 20.5055556 }, "geometry": { "type": "MultiPoint", "coordinates": [ [ -103.235, 20.50555555555556 ] ] } },
{ "type": "Feature", "properties": { "g_id": 32348, "cve_ent": "14", "nom_ent": "Jalisco", "cve_mun": "070", "cvegeomun": "14070", "nom_mun": "El Salto", "cve_loc": "0020", "cvegeoloc": "140700020", "nom_loc": "San José del Castillo", "clave_pueblo": 901, "nombre_pueblo": "Ayuuk/Ayook/Mixe", "pihogares": 43, "x_long": -103.235, "y_lat": 20.5055556 }, "geometry": { "type": "MultiPoint", "coordinates": [ [ -103.235, 20.50555555555556 ] ] } },
{ "type": "Feature", "properties": { "g_id": 32349, "cve_ent": "14", "nom_ent": "Jalisco", "cve_mun": "070", "cvegeomun": "14070", "nom_mun": "El Salto", "cve_loc": "0020", "cvegeoloc": "140700020", "nom_loc": "San José del Castillo", "clave_pueblo": 907, "nombre_pueblo": "Zoque", "pihogares": 3, "x_long": -103.235, "y_lat": 20.5055556 }, "geometry": { "type": "MultiPoint", "coordinates": [ [ -103.235, 20.50555555555556 ] ] } },
{ "type": "Feature", "properties": { "g_id": 32350, "cve_ent": "14", "nom_ent": "Jalisco", "cve_mun": "070", "cvegeomun": "14070", "nom_mun": "El Salto", "cve_loc": "0021", "cvegeoloc": "140700021", "nom_loc": "San José el Verde (El Verde)", "clave_pueblo": 204, "nombre_pueblo": "Oʾdam/Tepehuano del sur", "pihogares": 2, "x_long": -103.2761111, "y_lat": 20.5586111 }, "geometry": { "type": "MultiPoint", "coordinates": [ [ -103.276111111111106, 20.558611111111109 ] ] } },
{ "type": "Feature", "properties": { "g_id": 32351, "cve_ent": "14", "nom_ent": "Jalisco", "cve_mun": "070", "cvegeomun": "14070", "nom_mun": "El Salto", "cve_loc": "0021", "cvegeoloc": "140700021", "nom_loc": "San José el Verde (El Verde)", "clave_pueblo": 210, "nombre_pueblo": "Wixárika/Huichol", "pihogares": 7, "x_long": -103.2761111, "y_lat": 20.5586111 }, "geometry": { "type": "MultiPoint", "coordinates": [ [ -103.276111111111106, 20.558611111111109 ] ] } },
{ "type": "Feature", "properties": { "g_id": 32352, "cve_ent": "14", "nom_ent": "Jalisco", "cve_mun": "070", "cvegeomun": "14070", "nom_mun": "El Salto", "cve_loc": "0021", "cvegeoloc": "140700021", "nom_loc": "San José el Verde (El Verde)", "clave_pueblo": 211, "nombre_pueblo": "Náhuatl", "pihogares": 187, "x_long": -103.2761111, "y_lat": 20.5586111 }, "geometry": { "type": "MultiPoint", "coordinates": [ [ -103.276111111111106, 20.558611111111109 ] ] } },
{ "type": "Feature", "properties": { "g_id": 32353, "cve_ent": "14", "nom_ent": "Jalisco", "cve_mun": "070", "cvegeomun": "14070", "nom_mun": "El Salto", "cve_loc": "0021", "cvegeoloc": "140700021", "nom_loc": "San José el Verde (El Verde)", "clave_pueblo": 501, "nombre_pueblo": "Otomí", "pihogares": 22, "x_long": -103.2761111, "y_lat": 20.5586111 }, "geometry": { "type": "MultiPoint", "coordinates": [ [ -103.276111111111106, 20.558611111111109 ] ] } },
{ "type": "Feature", "properties": { "g_id": 32354, "cve_ent": "14", "nom_ent": "Jalisco", "cve_mun": "070", "cvegeomun": "14070", "nom_mun": "El Salto", "cve_loc": "0021", "cvegeoloc": "140700021", "nom_loc": "San José el Verde (El Verde)", "clave_pueblo": 502, "nombre_pueblo": "Jñatrjo/Mazahua", "pihogares": 15, "x_long": -103.2761111, "y_lat": 20.5586111 }, "geometry": { "type": "MultiPoint", "coordinates": [ [ -103.276111111111106, 20.558611111111109 ] ] } },
{ "type": "Feature", "properties": { "g_id": 32355, "cve_ent": "14", "nom_ent": "Jalisco", "cve_mun": "070", "cvegeomun": "14070", "nom_mun": "El Salto", "cve_loc": "0021", "cvegeoloc": "140700021", "nom_loc": "San José el Verde (El Verde)", "clave_pueblo": 513, "nombre_pueblo": "Binnizá/Zapoteco", "pihogares": 14, "x_long": -103.2761111, "y_lat": 20.5586111 }, "geometry": { "type": "MultiPoint", "coordinates": [ [ -103.276111111111106, 20.558611111111109 ] ] } },
{ "type": "Feature", "properties": { "g_id": 32356, "cve_ent": "14", "nom_ent": "Jalisco", "cve_mun": "070", "cvegeomun": "14070", "nom_mun": "El Salto", "cve_loc": "0021", "cvegeoloc": "140700021", "nom_loc": "San José el Verde (El Verde)", "clave_pueblo": 516, "nombre_pueblo": "Na savi/Ñuu Saavi/Mixteco", "pihogares": 27, "x_long": -103.2761111, "y_lat": 20.5586111 }, "geometry": { "type": "MultiPoint", "coordinates": [ [ -103.276111111111106, 20.558611111111109 ] ] } },
{ "type": "Feature", "properties": { "g_id": 32357, "cve_ent": "14", "nom_ent": "Jalisco", "cve_mun": "070", "cvegeomun": "14070", "nom_mun": "El Salto", "cve_loc": "0021", "cvegeoloc": "140700021", "nom_loc": "San José el Verde (El Verde)", "clave_pueblo": 601, "nombre_pueblo": "Teenek/Huasteco", "pihogares": 22, "x_long": -103.2761111, "y_lat": 20.5586111 }, "geometry": { "type": "MultiPoint", "coordinates": [ [ -103.276111111111106, 20.558611111111109 ] ] } },
{ "type": "Feature", "properties": { "g_id": 32358, "cve_ent": "14", "nom_ent": "Jalisco", "cve_mun": "070", "cvegeomun": "14070", "nom_mun": "El Salto", "cve_loc": "0021", "cvegeoloc": "140700021", "nom_loc": "San José el Verde (El Verde)", "clave_pueblo": 607, "nombre_pueblo": "Tsotsil", "pihogares": 3, "x_long": -103.2761111, "y_lat": 20.5586111 }, "geometry": { "type": "MultiPoint", "coordinates": [ [ -103.276111111111106, 20.558611111111109 ] ] } },
{ "type": "Feature", "properties": { "g_id": 32359, "cve_ent": "14", "nom_ent": "Jalisco", "cve_mun": "070", "cvegeomun": "14070", "nom_mun": "El Salto", "cve_loc": "0021", "cvegeoloc": "140700021", "nom_loc": "San José el Verde (El Verde)", "clave_pueblo": 701, "nombre_pueblo": "Totonaco", "pihogares": 63, "x_long": -103.2761111, "y_lat": 20.5586111 }, "geometry": { "type": "MultiPoint", "coordinates": [ [ -103.276111111111106, 20.558611111111109 ] ] } },
{ "type": "Feature", "properties": { "g_id": 32360, "cve_ent": "14", "nom_ent": "Jalisco", "cve_mun": "070", "cvegeomun": "14070", "nom_mun": "El Salto", "cve_loc": "0021", "cvegeoloc": "140700021", "nom_loc": "San José el Verde (El Verde)", "clave_pueblo": 801, "nombre_pueblo": "Purépecha/Pʾurhépecha/Pʾurhé/Tarasco", "pihogares": 53, "x_long": -103.2761111, "y_lat": 20.5586111 }, "geometry": { "type": "MultiPoint", "coordinates": [ [ -103.276111111111106, 20.558611111111109 ] ] } },
{ "type": "Feature", "properties": { "g_id": 32361, "cve_ent": "14", "nom_ent": "Jalisco", "cve_mun": "070", "cvegeomun": "14070", "nom_mun": "El Salto", "cve_loc": "0021", "cvegeoloc": "140700021", "nom_loc": "San José el Verde (El Verde)", "clave_pueblo": 907, "nombre_pueblo": "Zoque", "pihogares": 3, "x_long": -103.2761111, "y_lat": 20.5586111 }, "geometry": { "type": "MultiPoint", "coordinates": [ [ -103.276111111111106, 20.558611111111109 ] ] } },
{ "type": "Feature", "properties": { "g_id": 32362, "cve_ent": "14", "nom_ent": "Jalisco", "cve_mun": "070", "cvegeomun": "14070", "nom_mun": "El Salto", "cve_loc": "0027", "cvegeoloc": "140700027", "nom_loc": "La Lorena", "clave_pueblo": 801, "nombre_pueblo": "Purépecha/Pʾurhépecha/Pʾurhé/Tarasco", "pihogares": 3, "x_long": -103.208455, "y_lat": 20.5083528 }, "geometry": { "type": "MultiPoint", "coordinates": [ [ -103.208455000014496, 20.508352777793242 ] ] } },
{ "type": "Feature", "properties": { "g_id": 32363, "cve_ent": "14", "nom_ent": "Jalisco", "cve_mun": "070", "cvegeomun": "14070", "nom_mun": "El Salto", "cve_loc": "0043", "cvegeoloc": "140700043", "nom_loc": "El Quince (San José el Quince)", "clave_pueblo": 205, "nombre_pueblo": "Rarámuri/Ralamuli/Tarahumara", "pihogares": 5, "x_long": -103.2788889, "y_lat": 20.5413889 }, "geometry": { "type": "MultiPoint", "coordinates": [ [ -103.278888888888901, 20.541388888888889 ] ] } },
{ "type": "Feature", "properties": { "g_id": 32364, "cve_ent": "14", "nom_ent": "Jalisco", "cve_mun": "070", "cvegeomun": "14070", "nom_mun": "El Salto", "cve_loc": "0043", "cvegeoloc": "140700043", "nom_loc": "El Quince (San José el Quince)", "clave_pueblo": 209, "nombre_pueblo": "Náayari/Cora", "pihogares": 10, "x_long": -103.2788889, "y_lat": 20.5413889 }, "geometry": { "type": "MultiPoint", "coordinates": [ [ -103.278888888888901, 20.541388888888889 ] ] } },
{ "type": "Feature", "properties": { "g_id": 32365, "cve_ent": "14", "nom_ent": "Jalisco", "cve_mun": "070", "cvegeomun": "14070", "nom_mun": "El Salto", "cve_loc": "0043", "cvegeoloc": "140700043", "nom_loc": "El Quince (San José el Quince)", "clave_pueblo": 210, "nombre_pueblo": "Wixárika/Huichol", "pihogares": 1, "x_long": -103.2788889, "y_lat": 20.5413889 }, "geometry": { "type": "MultiPoint", "coordinates": [ [ -103.278888888888901, 20.541388888888889 ] ] } },
{ "type": "Feature", "properties": { "g_id": 32366, "cve_ent": "14", "nom_ent": "Jalisco", "cve_mun": "070", "cvegeomun": "14070", "nom_mun": "El Salto", "cve_loc": "0043", "cvegeoloc": "140700043", "nom_loc": "El Quince (San José el Quince)", "clave_pueblo": 211, "nombre_pueblo": "Náhuatl", "pihogares": 156, "x_long": -103.2788889, "y_lat": 20.5413889 }, "geometry": { "type": "MultiPoint", "coordinates": [ [ -103.278888888888901, 20.541388888888889 ] ] } },
{ "type": "Feature", "properties": { "g_id": 32367, "cve_ent": "14", "nom_ent": "Jalisco", "cve_mun": "070", "cvegeomun": "14070", "nom_mun": "El Salto", "cve_loc": "0043", "cvegeoloc": "140700043", "nom_loc": "El Quince (San José el Quince)", "clave_pueblo": 501, "nombre_pueblo": "Otomí", "pihogares": 38, "x_long": -103.2788889, "y_lat": 20.5413889 }, "geometry": { "type": "MultiPoint", "coordinates": [ [ -103.278888888888901, 20.541388888888889 ] ] } },
{ "type": "Feature", "properties": { "g_id": 32368, "cve_ent": "14", "nom_ent": "Jalisco", "cve_mun": "070", "cvegeomun": "14070", "nom_mun": "El Salto", "cve_loc": "0043", "cvegeoloc": "140700043", "nom_loc": "El Quince (San José el Quince)", "clave_pueblo": 502, "nombre_pueblo": "Jñatrjo/Mazahua", "pihogares": 9, "x_long": -103.2788889, "y_lat": 20.5413889 }, "geometry": { "type": "MultiPoint", "coordinates": [ [ -103.278888888888901, 20.541388888888889 ] ] } },
{ "type": "Feature", "properties": { "g_id": 32369, "cve_ent": "14", "nom_ent": "Jalisco", "cve_mun": "070", "cvegeomun": "14070", "nom_mun": "El Salto", "cve_loc": "0043", "cvegeoloc": "140700043", "nom_loc": "El Quince (San José el Quince)", "clave_pueblo": 507, "nombre_pueblo": "Chinanteco", "pihogares": 4, "x_long": -103.2788889, "y_lat": 20.5413889 }, "geometry": { "type": "MultiPoint", "coordinates": [ [ -103.278888888888901, 20.541388888888889 ] ] } },
{ "type": "Feature", "properties": { "g_id": 32370, "cve_ent": "14", "nom_ent": "Jalisco", "cve_mun": "070", "cvegeomun": "14070", "nom_mun": "El Salto", "cve_loc": "0043", "cvegeoloc": "140700043", "nom_loc": "El Quince (San José el Quince)", "clave_pueblo": 513, "nombre_pueblo": "Binnizá/Zapoteco", "pihogares": 4, "x_long": -103.2788889, "y_lat": 20.5413889 }, "geometry": { "type": "MultiPoint", "coordinates": [ [ -103.278888888888901, 20.541388888888889 ] ] } },
{ "type": "Feature", "properties": { "g_id": 32371, "cve_ent": "14", "nom_ent": "Jalisco", "cve_mun": "070", "cvegeomun": "14070", "nom_mun": "El Salto", "cve_loc": "0043", "cvegeoloc": "140700043", "nom_loc": "El Quince (San José el Quince)", "clave_pueblo": 516, "nombre_pueblo": "Na savi/Ñuu Saavi/Mixteco", "pihogares": 12, "x_long": -103.2788889, "y_lat": 20.5413889 }, "geometry": { "type": "MultiPoint", "coordinates": [ [ -103.278888888888901, 20.541388888888889 ] ] } },
{ "type": "Feature", "properties": { "g_id": 32372, "cve_ent": "14", "nom_ent": "Jalisco", "cve_mun": "070", "cvegeomun": "14070", "nom_mun": "El Salto", "cve_loc": "0043", "cvegeoloc": "140700043", "nom_loc": "El Quince (San José el Quince)", "clave_pueblo": 601, "nombre_pueblo": "Teenek/Huasteco", "pihogares": 12, "x_long": -103.2788889, "y_lat": 20.5413889 }, "geometry": { "type": "MultiPoint", "coordinates": [ [ -103.278888888888901, 20.541388888888889 ] ] } },
{ "type": "Feature", "properties": { "g_id": 32373, "cve_ent": "14", "nom_ent": "Jalisco", "cve_mun": "070", "cvegeomun": "14070", "nom_mun": "El Salto", "cve_loc": "0043", "cvegeoloc": "140700043", "nom_loc": "El Quince (San José el Quince)", "clave_pueblo": 606, "nombre_pueblo": "Tseltal", "pihogares": 8, "x_long": -103.2788889, "y_lat": 20.5413889 }, "geometry": { "type": "MultiPoint", "coordinates": [ [ -103.278888888888901, 20.541388888888889 ] ] } },
{ "type": "Feature", "properties": { "g_id": 32374, "cve_ent": "14", "nom_ent": "Jalisco", "cve_mun": "070", "cvegeomun": "14070", "nom_mun": "El Salto", "cve_loc": "0043", "cvegeoloc": "140700043", "nom_loc": "El Quince (San José el Quince)", "clave_pueblo": 607, "nombre_pueblo": "Tsotsil", "pihogares": 6, "x_long": -103.2788889, "y_lat": 20.5413889 }, "geometry": { "type": "MultiPoint", "coordinates": [ [ -103.278888888888901, 20.541388888888889 ] ] } },
{ "type": "Feature", "properties": { "g_id": 32375, "cve_ent": "14", "nom_ent": "Jalisco", "cve_mun": "070", "cvegeomun": "14070", "nom_mun": "El Salto", "cve_loc": "0043", "cvegeoloc": "140700043", "nom_loc": "El Quince (San José el Quince)", "clave_pueblo": 701, "nombre_pueblo": "Totonaco", "pihogares": 13, "x_long": -103.2788889, "y_lat": 20.5413889 }, "geometry": { "type": "MultiPoint", "coordinates": [ [ -103.278888888888901, 20.541388888888889 ] ] } },
{ "type": "Feature", "properties": { "g_id": 32376, "cve_ent": "14", "nom_ent": "Jalisco", "cve_mun": "070", "cvegeomun": "14070", "nom_mun": "El Salto", "cve_loc": "0043", "cvegeoloc": "140700043", "nom_loc": "El Quince (San José el Quince)", "clave_pueblo": 801, "nombre_pueblo": "Purépecha/Pʾurhépecha/Pʾurhé/Tarasco", "pihogares": 72, "x_long": -103.2788889, "y_lat": 20.5413889 }, "geometry": { "type": "MultiPoint", "coordinates": [ [ -103.278888888888901, 20.541388888888889 ] ] } },
{ "type": "Feature", "properties": { "g_id": 32377, "cve_ent": "14", "nom_ent": "Jalisco", "cve_mun": "070", "cvegeomun": "14070", "nom_mun": "El Salto", "cve_loc": "0064", "cvegeoloc": "140700064", "nom_loc": "La Alameda [Fraccionamiento]", "clave_pueblo": 205, "nombre_pueblo": "Rarámuri/Ralamuli/Tarahumara", "pihogares": 2, "x_long": -103.2416667, "y_lat": 20.4991667 }, "geometry": { "type": "MultiPoint", "coordinates": [ [ -103.241666666666703, 20.499166666666671 ] ] } },
{ "type": "Feature", "properties": { "g_id": 32378, "cve_ent": "14", "nom_ent": "Jalisco", "cve_mun": "070", "cvegeomun": "14070", "nom_mun": "El Salto", "cve_loc": "0064", "cvegeoloc": "140700064", "nom_loc": "La Alameda [Fraccionamiento]", "clave_pueblo": 209, "nombre_pueblo": "Náayari/Cora", "pihogares": 1, "x_long": -103.2416667, "y_lat": 20.4991667 }, "geometry": { "type": "MultiPoint", "coordinates": [ [ -103.241666666666703, 20.499166666666671 ] ] } },
{ "type": "Feature", "properties": { "g_id": 32379, "cve_ent": "14", "nom_ent": "Jalisco", "cve_mun": "070", "cvegeomun": "14070", "nom_mun": "El Salto", "cve_loc": "0064", "cvegeoloc": "140700064", "nom_loc": "La Alameda [Fraccionamiento]", "clave_pueblo": 211, "nombre_pueblo": "Náhuatl", "pihogares": 20, "x_long": -103.2416667, "y_lat": 20.4991667 }, "geometry": { "type": "MultiPoint", "coordinates": [ [ -103.241666666666703, 20.499166666666671 ] ] } },
{ "type": "Feature", "properties": { "g_id": 32380, "cve_ent": "14", "nom_ent": "Jalisco", "cve_mun": "070", "cvegeomun": "14070", "nom_mun": "El Salto", "cve_loc": "0064", "cvegeoloc": "140700064", "nom_loc": "La Alameda [Fraccionamiento]", "clave_pueblo": 513, "nombre_pueblo": "Binnizá/Zapoteco", "pihogares": 3, "x_long": -103.2416667, "y_lat": 20.4991667 }, "geometry": { "type": "MultiPoint", "coordinates": [ [ -103.241666666666703, 20.499166666666671 ] ] } },
{ "type": "Feature", "properties": { "g_id": 32381, "cve_ent": "14", "nom_ent": "Jalisco", "cve_mun": "070", "cvegeomun": "14070", "nom_mun": "El Salto", "cve_loc": "0064", "cvegeoloc": "140700064", "nom_loc": "La Alameda [Fraccionamiento]", "clave_pueblo": 516, "nombre_pueblo": "Na savi/Ñuu Saavi/Mixteco", "pihogares": 4, "x_long": -103.2416667, "y_lat": 20.4991667 }, "geometry": { "type": "MultiPoint", "coordinates": [ [ -103.241666666666703, 20.499166666666671 ] ] } },
{ "type": "Feature", "properties": { "g_id": 32382, "cve_ent": "14", "nom_ent": "Jalisco", "cve_mun": "070", "cvegeomun": "14070", "nom_mun": "El Salto", "cve_loc": "0064", "cvegeoloc": "140700064", "nom_loc": "La Alameda [Fraccionamiento]", "clave_pueblo": 701, "nombre_pueblo": "Totonaco", "pihogares": 4, "x_long": -103.2416667, "y_lat": 20.4991667 }, "geometry": { "type": "MultiPoint", "coordinates": [ [ -103.241666666666703, 20.499166666666671 ] ] } },
{ "type": "Feature", "properties": { "g_id": 32383, "cve_ent": "14", "nom_ent": "Jalisco", "cve_mun": "070", "cvegeomun": "14070", "nom_mun": "El Salto", "cve_loc": "0111", "cvegeoloc": "140700111", "nom_loc": "Galaxia Bonito Jalisco", "clave_pueblo": 205, "nombre_pueblo": "Rarámuri/Ralamuli/Tarahumara", "pihogares": 3, "x_long": -103.2047222, "y_lat": 20.505 }, "geometry": { "type": "MultiPoint", "coordinates": [ [ -103.204722222222202, 20.505 ] ] } },
{ "type": "Feature", "properties": { "g_id": 32384, "cve_ent": "14", "nom_ent": "Jalisco", "cve_mun": "070", "cvegeomun": "14070", "nom_mun": "El Salto", "cve_loc": "0111", "cvegeoloc": "140700111", "nom_loc": "Galaxia Bonito Jalisco", "clave_pueblo": 207, "nombre_pueblo": "Yoeme/Yaqui", "pihogares": 6, "x_long": -103.2047222, "y_lat": 20.505 }, "geometry": { "type": "MultiPoint", "coordinates": [ [ -103.204722222222202, 20.505 ] ] } },
{ "type": "Feature", "properties": { "g_id": 32385, "cve_ent": "14", "nom_ent": "Jalisco", "cve_mun": "070", "cvegeomun": "14070", "nom_mun": "El Salto", "cve_loc": "0111", "cvegeoloc": "140700111", "nom_loc": "Galaxia Bonito Jalisco", "clave_pueblo": 209, "nombre_pueblo": "Náayari/Cora", "pihogares": 7, "x_long": -103.2047222, "y_lat": 20.505 }, "geometry": { "type": "MultiPoint", "coordinates": [ [ -103.204722222222202, 20.505 ] ] } },
{ "type": "Feature", "properties": { "g_id": 32386, "cve_ent": "14", "nom_ent": "Jalisco", "cve_mun": "070", "cvegeomun": "14070", "nom_mun": "El Salto", "cve_loc": "0111", "cvegeoloc": "140700111", "nom_loc": "Galaxia Bonito Jalisco", "clave_pueblo": 211, "nombre_pueblo": "Náhuatl", "pihogares": 64, "x_long": -103.2047222, "y_lat": 20.505 }, "geometry": { "type": "MultiPoint", "coordinates": [ [ -103.204722222222202, 20.505 ] ] } },
{ "type": "Feature", "properties": { "g_id": 32387, "cve_ent": "14", "nom_ent": "Jalisco", "cve_mun": "070", "cvegeomun": "14070", "nom_mun": "El Salto", "cve_loc": "0111", "cvegeoloc": "140700111", "nom_loc": "Galaxia Bonito Jalisco", "clave_pueblo": 501, "nombre_pueblo": "Otomí", "pihogares": 4, "x_long": -103.2047222, "y_lat": 20.505 }, "geometry": { "type": "MultiPoint", "coordinates": [ [ -103.204722222222202, 20.505 ] ] } },
{ "type": "Feature", "properties": { "g_id": 32388, "cve_ent": "14", "nom_ent": "Jalisco", "cve_mun": "070", "cvegeomun": "14070", "nom_mun": "El Salto", "cve_loc": "0111", "cvegeoloc": "140700111", "nom_loc": "Galaxia Bonito Jalisco", "clave_pueblo": 502, "nombre_pueblo": "Jñatrjo/Mazahua", "pihogares": 8, "x_long": -103.2047222, "y_lat": 20.505 }, "geometry": { "type": "MultiPoint", "coordinates": [ [ -103.204722222222202, 20.505 ] ] } },
{ "type": "Feature", "properties": { "g_id": 32389, "cve_ent": "14", "nom_ent": "Jalisco", "cve_mun": "070", "cvegeomun": "14070", "nom_mun": "El Salto", "cve_loc": "0111", "cvegeoloc": "140700111", "nom_loc": "Galaxia Bonito Jalisco", "clave_pueblo": 505, "nombre_pueblo": "Xiʾui/Pame", "pihogares": 2, "x_long": -103.2047222, "y_lat": 20.505 }, "geometry": { "type": "MultiPoint", "coordinates": [ [ -103.204722222222202, 20.505 ] ] } },
{ "type": "Feature", "properties": { "g_id": 32390, "cve_ent": "14", "nom_ent": "Jalisco", "cve_mun": "070", "cvegeomun": "14070", "nom_mun": "El Salto", "cve_loc": "0111", "cvegeoloc": "140700111", "nom_loc": "Galaxia Bonito Jalisco", "clave_pueblo": 513, "nombre_pueblo": "Binnizá/Zapoteco", "pihogares": 8, "x_long": -103.2047222, "y_lat": 20.505 }, "geometry": { "type": "MultiPoint", "coordinates": [ [ -103.204722222222202, 20.505 ] ] } },
{ "type": "Feature", "properties": { "g_id": 32391, "cve_ent": "14", "nom_ent": "Jalisco", "cve_mun": "070", "cvegeomun": "14070", "nom_mun": "El Salto", "cve_loc": "0111", "cvegeoloc": "140700111", "nom_loc": "Galaxia Bonito Jalisco", "clave_pueblo": 516, "nombre_pueblo": "Na savi/Ñuu Saavi/Mixteco", "pihogares": 13, "x_long": -103.2047222, "y_lat": 20.505 }, "geometry": { "type": "MultiPoint", "coordinates": [ [ -103.204722222222202, 20.505 ] ] } },
{ "type": "Feature", "properties": { "g_id": 32392, "cve_ent": "14", "nom_ent": "Jalisco", "cve_mun": "070", "cvegeomun": "14070", "nom_mun": "El Salto", "cve_loc": "0111", "cvegeoloc": "140700111", "nom_loc": "Galaxia Bonito Jalisco", "clave_pueblo": 601, "nombre_pueblo": "Teenek/Huasteco", "pihogares": 30, "x_long": -103.2047222, "y_lat": 20.505 }, "geometry": { "type": "MultiPoint", "coordinates": [ [ -103.204722222222202, 20.505 ] ] } },
{ "type": "Feature", "properties": { "g_id": 32393, "cve_ent": "14", "nom_ent": "Jalisco", "cve_mun": "070", "cvegeomun": "14070", "nom_mun": "El Salto", "cve_loc": "0111", "cvegeoloc": "140700111", "nom_loc": "Galaxia Bonito Jalisco", "clave_pueblo": 602, "nombre_pueblo": "Mayaʾwiinik/Maya", "pihogares": 8, "x_long": -103.2047222, "y_lat": 20.505 }, "geometry": { "type": "MultiPoint", "coordinates": [ [ -103.204722222222202, 20.505 ] ] } },
{ "type": "Feature", "properties": { "g_id": 32394, "cve_ent": "14", "nom_ent": "Jalisco", "cve_mun": "070", "cvegeomun": "14070", "nom_mun": "El Salto", "cve_loc": "0111", "cvegeoloc": "140700111", "nom_loc": "Galaxia Bonito Jalisco", "clave_pueblo": 604, "nombre_pueblo": "Ch'ol", "pihogares": 5, "x_long": -103.2047222, "y_lat": 20.505 }, "geometry": { "type": "MultiPoint", "coordinates": [ [ -103.204722222222202, 20.505 ] ] } },
{ "type": "Feature", "properties": { "g_id": 32395, "cve_ent": "14", "nom_ent": "Jalisco", "cve_mun": "070", "cvegeomun": "14070", "nom_mun": "El Salto", "cve_loc": "0111", "cvegeoloc": "140700111", "nom_loc": "Galaxia Bonito Jalisco", "clave_pueblo": 605, "nombre_pueblo": "Yoko t'anob/Yoko tʾan/Chontal de Tabasco", "pihogares": 2, "x_long": -103.2047222, "y_lat": 20.505 }, "geometry": { "type": "MultiPoint", "coordinates": [ [ -103.204722222222202, 20.505 ] ] } },
{ "type": "Feature", "properties": { "g_id": 32396, "cve_ent": "14", "nom_ent": "Jalisco", "cve_mun": "070", "cvegeomun": "14070", "nom_mun": "El Salto", "cve_loc": "0111", "cvegeoloc": "140700111", "nom_loc": "Galaxia Bonito Jalisco", "clave_pueblo": 606, "nombre_pueblo": "Tseltal", "pihogares": 14, "x_long": -103.2047222, "y_lat": 20.505 }, "geometry": { "type": "MultiPoint", "coordinates": [ [ -103.204722222222202, 20.505 ] ] } },
{ "type": "Feature", "properties": { "g_id": 32397, "cve_ent": "14", "nom_ent": "Jalisco", "cve_mun": "070", "cvegeomun": "14070", "nom_mun": "El Salto", "cve_loc": "0111", "cvegeoloc": "140700111", "nom_loc": "Galaxia Bonito Jalisco", "clave_pueblo": 701, "nombre_pueblo": "Totonaco", "pihogares": 35, "x_long": -103.2047222, "y_lat": 20.505 }, "geometry": { "type": "MultiPoint", "coordinates": [ [ -103.204722222222202, 20.505 ] ] } },
{ "type": "Feature", "properties": { "g_id": 32398, "cve_ent": "14", "nom_ent": "Jalisco", "cve_mun": "070", "cvegeomun": "14070", "nom_mun": "El Salto", "cve_loc": "0111", "cvegeoloc": "140700111", "nom_loc": "Galaxia Bonito Jalisco", "clave_pueblo": 801, "nombre_pueblo": "Purépecha/Pʾurhépecha/Pʾurhé/Tarasco", "pihogares": 45, "x_long": -103.2047222, "y_lat": 20.505 }, "geometry": { "type": "MultiPoint", "coordinates": [ [ -103.204722222222202, 20.505 ] ] } },
{ "type": "Feature", "properties": { "g_id": 32399, "cve_ent": "14", "nom_ent": "Jalisco", "cve_mun": "070", "cvegeomun": "14070", "nom_mun": "El Salto", "cve_loc": "0111", "cvegeoloc": "140700111", "nom_loc": "Galaxia Bonito Jalisco", "clave_pueblo": 901, "nombre_pueblo": "Ayuuk/Ayook/Mixe", "pihogares": 6, "x_long": -103.2047222, "y_lat": 20.505 }, "geometry": { "type": "MultiPoint", "coordinates": [ [ -103.204722222222202, 20.505 ] ] } },
{ "type": "Feature", "properties": { "g_id": 32400, "cve_ent": "14", "nom_ent": "Jalisco", "cve_mun": "070", "cvegeomun": "14070", "nom_mun": "El Salto", "cve_loc": "0116", "cvegeoloc": "140700116", "nom_loc": "Agua Blanca", "clave_pueblo": 205, "nombre_pueblo": "Rarámuri/Ralamuli/Tarahumara", "pihogares": 5, "x_long": -103.1860694, "y_lat": 20.5512861 }, "geometry": { "type": "MultiPoint", "coordinates": [ [ -103.186069444404893, 20.551286110645041 ] ] } },
{ "type": "Feature", "properties": { "g_id": 32401, "cve_ent": "14", "nom_ent": "Jalisco", "cve_mun": "070", "cvegeomun": "14070", "nom_mun": "El Salto", "cve_loc": "0116", "cvegeoloc": "140700116", "nom_loc": "Agua Blanca", "clave_pueblo": 208, "nombre_pueblo": "Yoreme/Mayo", "pihogares": 2, "x_long": -103.1860694, "y_lat": 20.5512861 }, "geometry": { "type": "MultiPoint", "coordinates": [ [ -103.186069444404893, 20.551286110645041 ] ] } },
{ "type": "Feature", "properties": { "g_id": 32402, "cve_ent": "14", "nom_ent": "Jalisco", "cve_mun": "070", "cvegeomun": "14070", "nom_mun": "El Salto", "cve_loc": "0116", "cvegeoloc": "140700116", "nom_loc": "Agua Blanca", "clave_pueblo": 209, "nombre_pueblo": "Náayari/Cora", "pihogares": 7, "x_long": -103.1860694, "y_lat": 20.5512861 }, "geometry": { "type": "MultiPoint", "coordinates": [ [ -103.186069444404893, 20.551286110645041 ] ] } },
{ "type": "Feature", "properties": { "g_id": 32403, "cve_ent": "14", "nom_ent": "Jalisco", "cve_mun": "070", "cvegeomun": "14070", "nom_mun": "El Salto", "cve_loc": "0116", "cvegeoloc": "140700116", "nom_loc": "Agua Blanca", "clave_pueblo": 210, "nombre_pueblo": "Wixárika/Huichol", "pihogares": 52, "x_long": -103.1860694, "y_lat": 20.5512861 }, "geometry": { "type": "MultiPoint", "coordinates": [ [ -103.186069444404893, 20.551286110645041 ] ] } },
{ "type": "Feature", "properties": { "g_id": 32404, "cve_ent": "14", "nom_ent": "Jalisco", "cve_mun": "070", "cvegeomun": "14070", "nom_mun": "El Salto", "cve_loc": "0116", "cvegeoloc": "140700116", "nom_loc": "Agua Blanca", "clave_pueblo": 211, "nombre_pueblo": "Náhuatl", "pihogares": 27, "x_long": -103.1860694, "y_lat": 20.5512861 }, "geometry": { "type": "MultiPoint", "coordinates": [ [ -103.186069444404893, 20.551286110645041 ] ] } },
{ "type": "Feature", "properties": { "g_id": 32405, "cve_ent": "14", "nom_ent": "Jalisco", "cve_mun": "070", "cvegeomun": "14070", "nom_mun": "El Salto", "cve_loc": "0116", "cvegeoloc": "140700116", "nom_loc": "Agua Blanca", "clave_pueblo": 501, "nombre_pueblo": "Otomí", "pihogares": 1, "x_long": -103.1860694, "y_lat": 20.5512861 }, "geometry": { "type": "MultiPoint", "coordinates": [ [ -103.186069444404893, 20.551286110645041 ] ] } },
{ "type": "Feature", "properties": { "g_id": 32406, "cve_ent": "14", "nom_ent": "Jalisco", "cve_mun": "070", "cvegeomun": "14070", "nom_mun": "El Salto", "cve_loc": "0116", "cvegeoloc": "140700116", "nom_loc": "Agua Blanca", "clave_pueblo": 502, "nombre_pueblo": "Jñatrjo/Mazahua", "pihogares": 2, "x_long": -103.1860694, "y_lat": 20.5512861 }, "geometry": { "type": "MultiPoint", "coordinates": [ [ -103.186069444404893, 20.551286110645041 ] ] } },
{ "type": "Feature", "properties": { "g_id": 32407, "cve_ent": "14", "nom_ent": "Jalisco", "cve_mun": "070", "cvegeomun": "14070", "nom_mun": "El Salto", "cve_loc": "0116", "cvegeoloc": "140700116", "nom_loc": "Agua Blanca", "clave_pueblo": 513, "nombre_pueblo": "Binnizá/Zapoteco", "pihogares": 3, "x_long": -103.1860694, "y_lat": 20.5512861 }, "geometry": { "type": "MultiPoint", "coordinates": [ [ -103.186069444404893, 20.551286110645041 ] ] } },
{ "type": "Feature", "properties": { "g_id": 32408, "cve_ent": "14", "nom_ent": "Jalisco", "cve_mun": "070", "cvegeomun": "14070", "nom_mun": "El Salto", "cve_loc": "0116", "cvegeoloc": "140700116", "nom_loc": "Agua Blanca", "clave_pueblo": 516, "nombre_pueblo": "Na savi/Ñuu Saavi/Mixteco", "pihogares": 5, "x_long": -103.1860694, "y_lat": 20.5512861 }, "geometry": { "type": "MultiPoint", "coordinates": [ [ -103.186069444404893, 20.551286110645041 ] ] } },
{ "type": "Feature", "properties": { "g_id": 32409, "cve_ent": "14", "nom_ent": "Jalisco", "cve_mun": "070", "cvegeomun": "14070", "nom_mun": "El Salto", "cve_loc": "0116", "cvegeoloc": "140700116", "nom_loc": "Agua Blanca", "clave_pueblo": 601, "nombre_pueblo": "Teenek/Huasteco", "pihogares": 2, "x_long": -103.1860694, "y_lat": 20.5512861 }, "geometry": { "type": "MultiPoint", "coordinates": [ [ -103.186069444404893, 20.551286110645041 ] ] } },
{ "type": "Feature", "properties": { "g_id": 32410, "cve_ent": "14", "nom_ent": "Jalisco", "cve_mun": "070", "cvegeomun": "14070", "nom_mun": "El Salto", "cve_loc": "0116", "cvegeoloc": "140700116", "nom_loc": "Agua Blanca", "clave_pueblo": 602, "nombre_pueblo": "Mayaʾwiinik/Maya", "pihogares": 2, "x_long": -103.1860694, "y_lat": 20.5512861 }, "geometry": { "type": "MultiPoint", "coordinates": [ [ -103.186069444404893, 20.551286110645041 ] ] } },
{ "type": "Feature", "properties": { "g_id": 32411, "cve_ent": "14", "nom_ent": "Jalisco", "cve_mun": "070", "cvegeomun": "14070", "nom_mun": "El Salto", "cve_loc": "0116", "cvegeoloc": "140700116", "nom_loc": "Agua Blanca", "clave_pueblo": 604, "nombre_pueblo": "Ch'ol", "pihogares": 3, "x_long": -103.1860694, "y_lat": 20.5512861 }, "geometry": { "type": "MultiPoint", "coordinates": [ [ -103.186069444404893, 20.551286110645041 ] ] } },
{ "type": "Feature", "properties": { "g_id": 32412, "cve_ent": "14", "nom_ent": "Jalisco", "cve_mun": "070", "cvegeomun": "14070", "nom_mun": "El Salto", "cve_loc": "0116", "cvegeoloc": "140700116", "nom_loc": "Agua Blanca", "clave_pueblo": 606, "nombre_pueblo": "Tseltal", "pihogares": 3, "x_long": -103.1860694, "y_lat": 20.5512861 }, "geometry": { "type": "MultiPoint", "coordinates": [ [ -103.186069444404893, 20.551286110645041 ] ] } },
{ "type": "Feature", "properties": { "g_id": 32413, "cve_ent": "14", "nom_ent": "Jalisco", "cve_mun": "070", "cvegeomun": "14070", "nom_mun": "El Salto", "cve_loc": "0116", "cvegeoloc": "140700116", "nom_loc": "Agua Blanca", "clave_pueblo": 607, "nombre_pueblo": "Tsotsil", "pihogares": 1, "x_long": -103.1860694, "y_lat": 20.5512861 }, "geometry": { "type": "MultiPoint", "coordinates": [ [ -103.186069444404893, 20.551286110645041 ] ] } },
{ "type": "Feature", "properties": { "g_id": 32414, "cve_ent": "14", "nom_ent": "Jalisco", "cve_mun": "070", "cvegeomun": "14070", "nom_mun": "El Salto", "cve_loc": "0116", "cvegeoloc": "140700116", "nom_loc": "Agua Blanca", "clave_pueblo": 614, "nombre_pueblo": "Q'eqchi'", "pihogares": 1, "x_long": -103.1860694, "y_lat": 20.5512861 }, "geometry": { "type": "MultiPoint", "coordinates": [ [ -103.186069444404893, 20.551286110645041 ] ] } },
{ "type": "Feature", "properties": { "g_id": 32415, "cve_ent": "14", "nom_ent": "Jalisco", "cve_mun": "070", "cvegeomun": "14070", "nom_mun": "El Salto", "cve_loc": "0116", "cvegeoloc": "140700116", "nom_loc": "Agua Blanca", "clave_pueblo": 618, "nombre_pueblo": "Winaq qo’/Mam", "pihogares": 1, "x_long": -103.1860694, "y_lat": 20.5512861 }, "geometry": { "type": "MultiPoint", "coordinates": [ [ -103.186069444404893, 20.551286110645041 ] ] } },
{ "type": "Feature", "properties": { "g_id": 32416, "cve_ent": "14", "nom_ent": "Jalisco", "cve_mun": "070", "cvegeomun": "14070", "nom_mun": "El Salto", "cve_loc": "0116", "cvegeoloc": "140700116", "nom_loc": "Agua Blanca", "clave_pueblo": 701, "nombre_pueblo": "Totonaco", "pihogares": 2, "x_long": -103.1860694, "y_lat": 20.5512861 }, "geometry": { "type": "MultiPoint", "coordinates": [ [ -103.186069444404893, 20.551286110645041 ] ] } },
{ "type": "Feature", "properties": { "g_id": 32417, "cve_ent": "14", "nom_ent": "Jalisco", "cve_mun": "070", "cvegeomun": "14070", "nom_mun": "El Salto", "cve_loc": "0116", "cvegeoloc": "140700116", "nom_loc": "Agua Blanca", "clave_pueblo": 801, "nombre_pueblo": "Purépecha/Pʾurhépecha/Pʾurhé/Tarasco", "pihogares": 15, "x_long": -103.1860694, "y_lat": 20.5512861 }, "geometry": { "type": "MultiPoint", "coordinates": [ [ -103.186069444404893, 20.551286110645041 ] ] } },
{ "type": "Feature", "properties": { "g_id": 32418, "cve_ent": "14", "nom_ent": "Jalisco", "cve_mun": "070", "cvegeomun": "14070", "nom_mun": "El Salto", "cve_loc": "0116", "cvegeoloc": "140700116", "nom_loc": "Agua Blanca", "clave_pueblo": 901, "nombre_pueblo": "Ayuuk/Ayook/Mixe", "pihogares": 3, "x_long": -103.1860694, "y_lat": 20.5512861 }, "geometry": { "type": "MultiPoint", "coordinates": [ [ -103.186069444404893, 20.551286110645041 ] ] } },
{ "type": "Feature", "properties": { "g_id": 32419, "cve_ent": "14", "nom_ent": "Jalisco", "cve_mun": "070", "cvegeomun": "14070", "nom_mun": "El Salto", "cve_loc": "0116", "cvegeoloc": "140700116", "nom_loc": "Agua Blanca", "clave_pueblo": 907, "nombre_pueblo": "Zoque", "pihogares": 1, "x_long": -103.1860694, "y_lat": 20.5512861 }, "geometry": { "type": "MultiPoint", "coordinates": [ [ -103.186069444404893, 20.551286110645041 ] ] } },
{ "type": "Feature", "properties": { "g_id": 32420, "cve_ent": "14", "nom_ent": "Jalisco", "cve_mun": "070", "cvegeomun": "14070", "nom_mun": "El Salto", "cve_loc": "0117", "cvegeoloc": "140700117", "nom_loc": "Centro de Readaptación Social", "clave_pueblo": 515, "nombre_pueblo": "Nn'anncue/Amuzgo", "pihogares": 1, "x_long": -103.1936111, "y_lat": 20.5544444 }, "geometry": { "type": "MultiPoint", "coordinates": [ [ -103.1936111110046, 20.55444444425429 ] ] } },
{ "type": "Feature", "properties": { "g_id": 32421, "cve_ent": "14", "nom_ent": "Jalisco", "cve_mun": "070", "cvegeomun": "14070", "nom_mun": "El Salto", "cve_loc": "0117", "cvegeoloc": "140700117", "nom_loc": "Centro de Readaptación Social", "clave_pueblo": 602, "nombre_pueblo": "Mayaʾwiinik/Maya", "pihogares": 3, "x_long": -103.1936111, "y_lat": 20.5544444 }, "geometry": { "type": "MultiPoint", "coordinates": [ [ -103.1936111110046, 20.55444444425429 ] ] } },
{ "type": "Feature", "properties": { "g_id": 32422, "cve_ent": "14", "nom_ent": "Jalisco", "cve_mun": "070", "cvegeomun": "14070", "nom_mun": "El Salto", "cve_loc": "0117", "cvegeoloc": "140700117", "nom_loc": "Centro de Readaptación Social", "clave_pueblo": 618, "nombre_pueblo": "Winaq qo’/Mam", "pihogares": 1, "x_long": -103.1936111, "y_lat": 20.5544444 }, "geometry": { "type": "MultiPoint", "coordinates": [ [ -103.1936111110046, 20.55444444425429 ] ] } },
{ "type": "Feature", "properties": { "g_id": 32423, "cve_ent": "14", "nom_ent": "Jalisco", "cve_mun": "070", "cvegeomun": "14070", "nom_mun": "El Salto", "cve_loc": "0117", "cvegeoloc": "140700117", "nom_loc": "Centro de Readaptación Social", "clave_pueblo": 701, "nombre_pueblo": "Totonaco", "pihogares": 1, "x_long": -103.1936111, "y_lat": 20.5544444 }, "geometry": { "type": "MultiPoint", "coordinates": [ [ -103.1936111110046, 20.55444444425429 ] ] } },
{ "type": "Feature", "properties": { "g_id": 32424, "cve_ent": "14", "nom_ent": "Jalisco", "cve_mun": "070", "cvegeomun": "14070", "nom_mun": "El Salto", "cve_loc": "0121", "cvegeoloc": "140700121", "nom_loc": "Lomas del Salto", "clave_pueblo": 211, "nombre_pueblo": "Náhuatl", "pihogares": 3, "x_long": -103.1877333, "y_lat": 20.5629361 }, "geometry": { "type": "MultiPoint", "coordinates": [ [ -103.187733333333298, 20.56293611111111 ] ] } },
{ "type": "Feature", "properties": { "g_id": 32425, "cve_ent": "14", "nom_ent": "Jalisco", "cve_mun": "070", "cvegeomun": "14070", "nom_mun": "El Salto", "cve_loc": "0121", "cvegeoloc": "140700121", "nom_loc": "Lomas del Salto", "clave_pueblo": 516, "nombre_pueblo": "Na savi/Ñuu Saavi/Mixteco", "pihogares": 6, "x_long": -103.1877333, "y_lat": 20.5629361 }, "geometry": { "type": "MultiPoint", "coordinates": [ [ -103.187733333333298, 20.56293611111111 ] ] } },
{ "type": "Feature", "properties": { "g_id": 32426, "cve_ent": "14", "nom_ent": "Jalisco", "cve_mun": "070", "cvegeomun": "14070", "nom_mun": "El Salto", "cve_loc": "0128", "cvegeoloc": "140700128", "nom_loc": "Villas de Agua Blanca", "clave_pueblo": 801, "nombre_pueblo": "Purépecha/Pʾurhépecha/Pʾurhé/Tarasco", "pihogares": 3, "x_long": -103.1854703, "y_lat": 20.5565858 }, "geometry": { "type": "MultiPoint", "coordinates": [ [ -103.185470278402306, 20.556585832619319 ] ] } },
{ "type": "Feature", "properties": { "g_id": 32427, "cve_ent": "14", "nom_ent": "Jalisco", "cve_mun": "070", "cvegeomun": "14070", "nom_mun": "El Salto", "cve_loc": "0129", "cvegeoloc": "140700129", "nom_loc": "La Alcantarilla", "clave_pueblo": 516, "nombre_pueblo": "Na savi/Ñuu Saavi/Mixteco", "pihogares": 1, "x_long": -103.2006889, "y_lat": 20.5269917 }, "geometry": { "type": "MultiPoint", "coordinates": [ [ -103.200688888795696, 20.52699166669554 ] ] } },
{ "type": "Feature", "properties": { "g_id": 32428, "cve_ent": "14", "nom_ent": "Jalisco", "cve_mun": "070", "cvegeomun": "14070", "nom_mun": "El Salto", "cve_loc": "0134", "cvegeoloc": "140700134", "nom_loc": "Parques del Triunfo", "clave_pueblo": 502, "nombre_pueblo": "Jñatrjo/Mazahua", "pihogares": 2, "x_long": -103.1883133, "y_lat": 20.5378539 }, "geometry": { "type": "MultiPoint", "coordinates": [ [ -103.188313333142105, 20.53785388921705 ] ] } },
{ "type": "Feature", "properties": { "g_id": 32429, "cve_ent": "14", "nom_ent": "Jalisco", "cve_mun": "070", "cvegeomun": "14070", "nom_mun": "El Salto", "cve_loc": "0134", "cvegeoloc": "140700134", "nom_loc": "Parques del Triunfo", "clave_pueblo": 513, "nombre_pueblo": "Binnizá/Zapoteco", "pihogares": 6, "x_long": -103.1883133, "y_lat": 20.5378539 }, "geometry": { "type": "MultiPoint", "coordinates": [ [ -103.188313333142105, 20.53785388921705 ] ] } },
{ "type": "Feature", "properties": { "g_id": 32430, "cve_ent": "14", "nom_ent": "Jalisco", "cve_mun": "070", "cvegeomun": "14070", "nom_mun": "El Salto", "cve_loc": "0134", "cvegeoloc": "140700134", "nom_loc": "Parques del Triunfo", "clave_pueblo": 601, "nombre_pueblo": "Teenek/Huasteco", "pihogares": 5, "x_long": -103.1883133, "y_lat": 20.5378539 }, "geometry": { "type": "MultiPoint", "coordinates": [ [ -103.188313333142105, 20.53785388921705 ] ] } },
{ "type": "Feature", "properties": { "g_id": 32431, "cve_ent": "14", "nom_ent": "Jalisco", "cve_mun": "070", "cvegeomun": "14070", "nom_mun": "El Salto", "cve_loc": "0134", "cvegeoloc": "140700134", "nom_loc": "Parques del Triunfo", "clave_pueblo": 606, "nombre_pueblo": "Tseltal", "pihogares": 5, "x_long": -103.1883133, "y_lat": 20.5378539 }, "geometry": { "type": "MultiPoint", "coordinates": [ [ -103.188313333142105, 20.53785388921705 ] ] } },
{ "type": "Feature", "properties": { "g_id": 32432, "cve_ent": "14", "nom_ent": "Jalisco", "cve_mun": "070", "cvegeomun": "14070", "nom_mun": "El Salto", "cve_loc": "0134", "cvegeoloc": "140700134", "nom_loc": "Parques del Triunfo", "clave_pueblo": 801, "nombre_pueblo": "Purépecha/Pʾurhépecha/Pʾurhé/Tarasco", "pihogares": 2, "x_long": -103.1883133, "y_lat": 20.5378539 }, "geometry": { "type": "MultiPoint", "coordinates": [ [ -103.188313333142105, 20.53785388921705 ] ] } },
{ "type": "Feature", "properties": { "g_id": 33369, "cve_ent": "14", "nom_ent": "Jalisco", "cve_mun": "098", "cvegeomun": "14098", "nom_mun": "San Pedro Tlaquepaque", "cve_loc": "0001", "cvegeoloc": "140980001", "nom_loc": "Tlaquepaque", "clave_pueblo": 204, "nombre_pueblo": "Oʾdam/Tepehuano del sur", "pihogares": 6, "x_long": -103.3072222, "y_lat": 20.6386111 }, "geometry": { "type": "MultiPoint", "coordinates": [ [ -103.307222222222194, 20.638611111111111 ] ] } },
{ "type": "Feature", "properties": { "g_id": 33370, "cve_ent": "14", "nom_ent": "Jalisco", "cve_mun": "098", "cvegeomun": "14098", "nom_mun": "San Pedro Tlaquepaque", "cve_loc": "0001", "cvegeoloc": "140980001", "nom_loc": "Tlaquepaque", "clave_pueblo": 205, "nombre_pueblo": "Rarámuri/Ralamuli/Tarahumara", "pihogares": 17, "x_long": -103.3072222, "y_lat": 20.6386111 }, "geometry": { "type": "MultiPoint", "coordinates": [ [ -103.307222222222194, 20.638611111111111 ] ] } },
{ "type": "Feature", "properties": { "g_id": 33371, "cve_ent": "14", "nom_ent": "Jalisco", "cve_mun": "098", "cvegeomun": "14098", "nom_mun": "San Pedro Tlaquepaque", "cve_loc": "0001", "cvegeoloc": "140980001", "nom_loc": "Tlaquepaque", "clave_pueblo": 207, "nombre_pueblo": "Yoeme/Yaqui", "pihogares": 4, "x_long": -103.3072222, "y_lat": 20.6386111 }, "geometry": { "type": "MultiPoint", "coordinates": [ [ -103.307222222222194, 20.638611111111111 ] ] } },
{ "type": "Feature", "properties": { "g_id": 33372, "cve_ent": "14", "nom_ent": "Jalisco", "cve_mun": "098", "cvegeomun": "14098", "nom_mun": "San Pedro Tlaquepaque", "cve_loc": "0001", "cvegeoloc": "140980001", "nom_loc": "Tlaquepaque", "clave_pueblo": 208, "nombre_pueblo": "Yoreme/Mayo", "pihogares": 6, "x_long": -103.3072222, "y_lat": 20.6386111 }, "geometry": { "type": "MultiPoint", "coordinates": [ [ -103.307222222222194, 20.638611111111111 ] ] } },
{ "type": "Feature", "properties": { "g_id": 33373, "cve_ent": "14", "nom_ent": "Jalisco", "cve_mun": "098", "cvegeomun": "14098", "nom_mun": "San Pedro Tlaquepaque", "cve_loc": "0001", "cvegeoloc": "140980001", "nom_loc": "Tlaquepaque", "clave_pueblo": 209, "nombre_pueblo": "Náayari/Cora", "pihogares": 19, "x_long": -103.3072222, "y_lat": 20.6386111 }, "geometry": { "type": "MultiPoint", "coordinates": [ [ -103.307222222222194, 20.638611111111111 ] ] } },
{ "type": "Feature", "properties": { "g_id": 33374, "cve_ent": "14", "nom_ent": "Jalisco", "cve_mun": "098", "cvegeomun": "14098", "nom_mun": "San Pedro Tlaquepaque", "cve_loc": "0001", "cvegeoloc": "140980001", "nom_loc": "Tlaquepaque", "clave_pueblo": 210, "nombre_pueblo": "Wixárika/Huichol", "pihogares": 188, "x_long": -103.3072222, "y_lat": 20.6386111 }, "geometry": { "type": "MultiPoint", "coordinates": [ [ -103.307222222222194, 20.638611111111111 ] ] } },
{ "type": "Feature", "properties": { "g_id": 33375, "cve_ent": "14", "nom_ent": "Jalisco", "cve_mun": "098", "cvegeomun": "14098", "nom_mun": "San Pedro Tlaquepaque", "cve_loc": "0001", "cvegeoloc": "140980001", "nom_loc": "Tlaquepaque", "clave_pueblo": 211, "nombre_pueblo": "Náhuatl", "pihogares": 1578, "x_long": -103.3072222, "y_lat": 20.6386111 }, "geometry": { "type": "MultiPoint", "coordinates": [ [ -103.307222222222194, 20.638611111111111 ] ] } },
{ "type": "Feature", "properties": { "g_id": 33376, "cve_ent": "14", "nom_ent": "Jalisco", "cve_mun": "098", "cvegeomun": "14098", "nom_mun": "San Pedro Tlaquepaque", "cve_loc": "0001", "cvegeoloc": "140980001", "nom_loc": "Tlaquepaque", "clave_pueblo": 501, "nombre_pueblo": "Otomí", "pihogares": 1807, "x_long": -103.3072222, "y_lat": 20.6386111 }, "geometry": { "type": "MultiPoint", "coordinates": [ [ -103.307222222222194, 20.638611111111111 ] ] } },
{ "type": "Feature", "properties": { "g_id": 33377, "cve_ent": "14", "nom_ent": "Jalisco", "cve_mun": "098", "cvegeomun": "14098", "nom_mun": "San Pedro Tlaquepaque", "cve_loc": "0001", "cvegeoloc": "140980001", "nom_loc": "Tlaquepaque", "clave_pueblo": 502, "nombre_pueblo": "Jñatrjo/Mazahua", "pihogares": 277, "x_long": -103.3072222, "y_lat": 20.6386111 }, "geometry": { "type": "MultiPoint", "coordinates": [ [ -103.307222222222194, 20.638611111111111 ] ] } },
{ "type": "Feature", "properties": { "g_id": 33378, "cve_ent": "14", "nom_ent": "Jalisco", "cve_mun": "098", "cvegeomun": "14098", "nom_mun": "San Pedro Tlaquepaque", "cve_loc": "0001", "cvegeoloc": "140980001", "nom_loc": "Tlaquepaque", "clave_pueblo": 506, "nombre_pueblo": "Uzá/Chichimeco Jonaz", "pihogares": 2, "x_long": -103.3072222, "y_lat": 20.6386111 }, "geometry": { "type": "MultiPoint", "coordinates": [ [ -103.307222222222194, 20.638611111111111 ] ] } },
{ "type": "Feature", "properties": { "g_id": 33379, "cve_ent": "14", "nom_ent": "Jalisco", "cve_mun": "098", "cvegeomun": "14098", "nom_mun": "San Pedro Tlaquepaque", "cve_loc": "0001", "cvegeoloc": "140980001", "nom_loc": "Tlaquepaque", "clave_pueblo": 507, "nombre_pueblo": "Chinanteco", "pihogares": 60, "x_long": -103.3072222, "y_lat": 20.6386111 }, "geometry": { "type": "MultiPoint", "coordinates": [ [ -103.307222222222194, 20.638611111111111 ] ] } },
{ "type": "Feature", "properties": { "g_id": 33380, "cve_ent": "14", "nom_ent": "Jalisco", "cve_mun": "098", "cvegeomun": "14098", "nom_mun": "San Pedro Tlaquepaque", "cve_loc": "0001", "cvegeoloc": "140980001", "nom_loc": "Tlaquepaque", "clave_pueblo": 508, "nombre_pueblo": "Meʾphaa/Tlapaneco", "pihogares": 47, "x_long": -103.3072222, "y_lat": 20.6386111 }, "geometry": { "type": "MultiPoint", "coordinates": [ [ -103.307222222222194, 20.638611111111111 ] ] } },
{ "type": "Feature", "properties": { "g_id": 33381, "cve_ent": "14", "nom_ent": "Jalisco", "cve_mun": "098", "cvegeomun": "14098", "nom_mun": "San Pedro Tlaquepaque", "cve_loc": "0001", "cvegeoloc": "140980001", "nom_loc": "Tlaquepaque", "clave_pueblo": 509, "nombre_pueblo": "Mazateco", "pihogares": 51, "x_long": -103.3072222, "y_lat": 20.6386111 }, "geometry": { "type": "MultiPoint", "coordinates": [ [ -103.307222222222194, 20.638611111111111 ] ] } },
{ "type": "Feature", "properties": { "g_id": 33382, "cve_ent": "14", "nom_ent": "Jalisco", "cve_mun": "098", "cvegeomun": "14098", "nom_mun": "San Pedro Tlaquepaque", "cve_loc": "0001", "cvegeoloc": "140980001", "nom_loc": "Tlaquepaque", "clave_pueblo": 513, "nombre_pueblo": "Binnizá/Zapoteco", "pihogares": 260, "x_long": -103.3072222, "y_lat": 20.6386111 }, "geometry": { "type": "MultiPoint", "coordinates": [ [ -103.307222222222194, 20.638611111111111 ] ] } },
{ "type": "Feature", "properties": { "g_id": 33383, "cve_ent": "14", "nom_ent": "Jalisco", "cve_mun": "098", "cvegeomun": "14098", "nom_mun": "San Pedro Tlaquepaque", "cve_loc": "0001", "cvegeoloc": "140980001", "nom_loc": "Tlaquepaque", "clave_pueblo": 514, "nombre_pueblo": "Chatino", "pihogares": 1, "x_long": -103.3072222, "y_lat": 20.6386111 }, "geometry": { "type": "MultiPoint", "coordinates": [ [ -103.307222222222194, 20.638611111111111 ] ] } },
{ "type": "Feature", "properties": { "g_id": 33384, "cve_ent": "14", "nom_ent": "Jalisco", "cve_mun": "098", "cvegeomun": "14098", "nom_mun": "San Pedro Tlaquepaque", "cve_loc": "0001", "cvegeoloc": "140980001", "nom_loc": "Tlaquepaque", "clave_pueblo": 516, "nombre_pueblo": "Na savi/Ñuu Saavi/Mixteco", "pihogares": 467, "x_long": -103.3072222, "y_lat": 20.6386111 }, "geometry": { "type": "MultiPoint", "coordinates": [ [ -103.307222222222194, 20.638611111111111 ] ] } },
{ "type": "Feature", "properties": { "g_id": 33385, "cve_ent": "14", "nom_ent": "Jalisco", "cve_mun": "098", "cvegeomun": "14098", "nom_mun": "San Pedro Tlaquepaque", "cve_loc": "0001", "cvegeoloc": "140980001", "nom_loc": "Tlaquepaque", "clave_pueblo": 601, "nombre_pueblo": "Teenek/Huasteco", "pihogares": 173, "x_long": -103.3072222, "y_lat": 20.6386111 }, "geometry": { "type": "MultiPoint", "coordinates": [ [ -103.307222222222194, 20.638611111111111 ] ] } },
{ "type": "Feature", "properties": { "g_id": 33386, "cve_ent": "14", "nom_ent": "Jalisco", "cve_mun": "098", "cvegeomun": "14098", "nom_mun": "San Pedro Tlaquepaque", "cve_loc": "0001", "cvegeoloc": "140980001", "nom_loc": "Tlaquepaque", "clave_pueblo": 602, "nombre_pueblo": "Mayaʾwiinik/Maya", "pihogares": 38, "x_long": -103.3072222, "y_lat": 20.6386111 }, "geometry": { "type": "MultiPoint", "coordinates": [ [ -103.307222222222194, 20.638611111111111 ] ] } },
{ "type": "Feature", "properties": { "g_id": 33387, "cve_ent": "14", "nom_ent": "Jalisco", "cve_mun": "098", "cvegeomun": "14098", "nom_mun": "San Pedro Tlaquepaque", "cve_loc": "0001", "cvegeoloc": "140980001", "nom_loc": "Tlaquepaque", "clave_pueblo": 604, "nombre_pueblo": "Ch'ol", "pihogares": 21, "x_long": -103.3072222, "y_lat": 20.6386111 }, "geometry": { "type": "MultiPoint", "coordinates": [ [ -103.307222222222194, 20.638611111111111 ] ] } },
{ "type": "Feature", "properties": { "g_id": 33388, "cve_ent": "14", "nom_ent": "Jalisco", "cve_mun": "098", "cvegeomun": "14098", "nom_mun": "San Pedro Tlaquepaque", "cve_loc": "0001", "cvegeoloc": "140980001", "nom_loc": "Tlaquepaque", "clave_pueblo": 605, "nombre_pueblo": "Yoko t'anob/Yoko tʾan/Chontal de Tabasco", "pihogares": 2, "x_long": -103.3072222, "y_lat": 20.6386111 }, "geometry": { "type": "MultiPoint", "coordinates": [ [ -103.307222222222194, 20.638611111111111 ] ] } },
{ "type": "Feature", "properties": { "g_id": 33389, "cve_ent": "14", "nom_ent": "Jalisco", "cve_mun": "098", "cvegeomun": "14098", "nom_mun": "San Pedro Tlaquepaque", "cve_loc": "0001", "cvegeoloc": "140980001", "nom_loc": "Tlaquepaque", "clave_pueblo": 606, "nombre_pueblo": "Tseltal", "pihogares": 47, "x_long": -103.3072222, "y_lat": 20.6386111 }, "geometry": { "type": "MultiPoint", "coordinates": [ [ -103.307222222222194, 20.638611111111111 ] ] } },
{ "type": "Feature", "properties": { "g_id": 33390, "cve_ent": "14", "nom_ent": "Jalisco", "cve_mun": "098", "cvegeomun": "14098", "nom_mun": "San Pedro Tlaquepaque", "cve_loc": "0001", "cvegeoloc": "140980001", "nom_loc": "Tlaquepaque", "clave_pueblo": 607, "nombre_pueblo": "Tsotsil", "pihogares": 50, "x_long": -103.3072222, "y_lat": 20.6386111 }, "geometry": { "type": "MultiPoint", "coordinates": [ [ -103.307222222222194, 20.638611111111111 ] ] } },
{ "type": "Feature", "properties": { "g_id": 33391, "cve_ent": "14", "nom_ent": "Jalisco", "cve_mun": "098", "cvegeomun": "14098", "nom_mun": "San Pedro Tlaquepaque", "cve_loc": "0001", "cvegeoloc": "140980001", "nom_loc": "Tlaquepaque", "clave_pueblo": 613, "nombre_pueblo": "Tojolabal", "pihogares": 4, "x_long": -103.3072222, "y_lat": 20.6386111 }, "geometry": { "type": "MultiPoint", "coordinates": [ [ -103.307222222222194, 20.638611111111111 ] ] } },
{ "type": "Feature", "properties": { "g_id": 33392, "cve_ent": "14", "nom_ent": "Jalisco", "cve_mun": "098", "cvegeomun": "14098", "nom_mun": "San Pedro Tlaquepaque", "cve_loc": "0001", "cvegeoloc": "140980001", "nom_loc": "Tlaquepaque", "clave_pueblo": 614, "nombre_pueblo": "Q'eqchi'", "pihogares": 1, "x_long": -103.3072222, "y_lat": 20.6386111 }, "geometry": { "type": "MultiPoint", "coordinates": [ [ -103.307222222222194, 20.638611111111111 ] ] } },
{ "type": "Feature", "properties": { "g_id": 33393, "cve_ent": "14", "nom_ent": "Jalisco", "cve_mun": "098", "cvegeomun": "14098", "nom_mun": "San Pedro Tlaquepaque", "cve_loc": "0001", "cvegeoloc": "140980001", "nom_loc": "Tlaquepaque", "clave_pueblo": 615, "nombre_pueblo": "K'iche'", "pihogares": 1, "x_long": -103.3072222, "y_lat": 20.6386111 }, "geometry": { "type": "MultiPoint", "coordinates": [ [ -103.307222222222194, 20.638611111111111 ] ] } },
{ "type": "Feature", "properties": { "g_id": 33394, "cve_ent": "14", "nom_ent": "Jalisco", "cve_mun": "098", "cvegeomun": "14098", "nom_mun": "San Pedro Tlaquepaque", "cve_loc": "0001", "cvegeoloc": "140980001", "nom_loc": "Tlaquepaque", "clave_pueblo": 618, "nombre_pueblo": "Winaq qo’/Mam", "pihogares": 19, "x_long": -103.3072222, "y_lat": 20.6386111 }, "geometry": { "type": "MultiPoint", "coordinates": [ [ -103.307222222222194, 20.638611111111111 ] ] } },
{ "type": "Feature", "properties": { "g_id": 33395, "cve_ent": "14", "nom_ent": "Jalisco", "cve_mun": "098", "cvegeomun": "14098", "nom_mun": "San Pedro Tlaquepaque", "cve_loc": "0001", "cvegeoloc": "140980001", "nom_loc": "Tlaquepaque", "clave_pueblo": 701, "nombre_pueblo": "Totonaco", "pihogares": 225, "x_long": -103.3072222, "y_lat": 20.6386111 }, "geometry": { "type": "MultiPoint", "coordinates": [ [ -103.307222222222194, 20.638611111111111 ] ] } },
{ "type": "Feature", "properties": { "g_id": 33396, "cve_ent": "14", "nom_ent": "Jalisco", "cve_mun": "098", "cvegeomun": "14098", "nom_mun": "San Pedro Tlaquepaque", "cve_loc": "0001", "cvegeoloc": "140980001", "nom_loc": "Tlaquepaque", "clave_pueblo": 702, "nombre_pueblo": "Tepehua", "pihogares": 1, "x_long": -103.3072222, "y_lat": 20.6386111 }, "geometry": { "type": "MultiPoint", "coordinates": [ [ -103.307222222222194, 20.638611111111111 ] ] } },
{ "type": "Feature", "properties": { "g_id": 33397, "cve_ent": "14", "nom_ent": "Jalisco", "cve_mun": "098", "cvegeomun": "14098", "nom_mun": "San Pedro Tlaquepaque", "cve_loc": "0001", "cvegeoloc": "140980001", "nom_loc": "Tlaquepaque", "clave_pueblo": 801, "nombre_pueblo": "Purépecha/Pʾurhépecha/Pʾurhé/Tarasco", "pihogares": 2001, "x_long": -103.3072222, "y_lat": 20.6386111 }, "geometry": { "type": "MultiPoint", "coordinates": [ [ -103.307222222222194, 20.638611111111111 ] ] } },
{ "type": "Feature", "properties": { "g_id": 33398, "cve_ent": "14", "nom_ent": "Jalisco", "cve_mun": "098", "cvegeomun": "14098", "nom_mun": "San Pedro Tlaquepaque", "cve_loc": "0001", "cvegeoloc": "140980001", "nom_loc": "Tlaquepaque", "clave_pueblo": 901, "nombre_pueblo": "Ayuuk/Ayook/Mixe", "pihogares": 58, "x_long": -103.3072222, "y_lat": 20.6386111 }, "geometry": { "type": "MultiPoint", "coordinates": [ [ -103.307222222222194, 20.638611111111111 ] ] } },
{ "type": "Feature", "properties": { "g_id": 33399, "cve_ent": "14", "nom_ent": "Jalisco", "cve_mun": "098", "cvegeomun": "14098", "nom_mun": "San Pedro Tlaquepaque", "cve_loc": "0001", "cvegeoloc": "140980001", "nom_loc": "Tlaquepaque", "clave_pueblo": 907, "nombre_pueblo": "Zoque", "pihogares": 24, "x_long": -103.3072222, "y_lat": 20.6386111 }, "geometry": { "type": "MultiPoint", "coordinates": [ [ -103.307222222222194, 20.638611111111111 ] ] } },
{ "type": "Feature", "properties": { "g_id": 33400, "cve_ent": "14", "nom_ent": "Jalisco", "cve_mun": "098", "cvegeomun": "14098", "nom_mun": "San Pedro Tlaquepaque", "cve_loc": "0001", "cvegeoloc": "140980001", "nom_loc": "Tlaquepaque", "clave_pueblo": 1001, "nombre_pueblo": "Chontal de Oaxaca", "pihogares": 2, "x_long": -103.3072222, "y_lat": 20.6386111 }, "geometry": { "type": "MultiPoint", "coordinates": [ [ -103.307222222222194, 20.638611111111111 ] ] } },
{ "type": "Feature", "properties": { "g_id": 33401, "cve_ent": "14", "nom_ent": "Jalisco", "cve_mun": "098", "cvegeomun": "14098", "nom_mun": "San Pedro Tlaquepaque", "cve_loc": "0014", "cvegeoloc": "140980014", "nom_loc": "Santa Anita", "clave_pueblo": 208, "nombre_pueblo": "Yoreme/Mayo", "pihogares": 4, "x_long": -103.44, "y_lat": 20.5505556 }, "geometry": { "type": "MultiPoint", "coordinates": [ [ -103.44, 20.550555555555551 ] ] } },
{ "type": "Feature", "properties": { "g_id": 33402, "cve_ent": "14", "nom_ent": "Jalisco", "cve_mun": "098", "cvegeomun": "14098", "nom_mun": "San Pedro Tlaquepaque", "cve_loc": "0014", "cvegeoloc": "140980014", "nom_loc": "Santa Anita", "clave_pueblo": 210, "nombre_pueblo": "Wixárika/Huichol", "pihogares": 3, "x_long": -103.44, "y_lat": 20.5505556 }, "geometry": { "type": "MultiPoint", "coordinates": [ [ -103.44, 20.550555555555551 ] ] } },
{ "type": "Feature", "properties": { "g_id": 33403, "cve_ent": "14", "nom_ent": "Jalisco", "cve_mun": "098", "cvegeomun": "14098", "nom_mun": "San Pedro Tlaquepaque", "cve_loc": "0014", "cvegeoloc": "140980014", "nom_loc": "Santa Anita", "clave_pueblo": 211, "nombre_pueblo": "Náhuatl", "pihogares": 16, "x_long": -103.44, "y_lat": 20.5505556 }, "geometry": { "type": "MultiPoint", "coordinates": [ [ -103.44, 20.550555555555551 ] ] } },
{ "type": "Feature", "properties": { "g_id": 33404, "cve_ent": "14", "nom_ent": "Jalisco", "cve_mun": "098", "cvegeomun": "14098", "nom_mun": "San Pedro Tlaquepaque", "cve_loc": "0014", "cvegeoloc": "140980014", "nom_loc": "Santa Anita", "clave_pueblo": 513, "nombre_pueblo": "Binnizá/Zapoteco", "pihogares": 14, "x_long": -103.44, "y_lat": 20.5505556 }, "geometry": { "type": "MultiPoint", "coordinates": [ [ -103.44, 20.550555555555551 ] ] } },
{ "type": "Feature", "properties": { "g_id": 33405, "cve_ent": "14", "nom_ent": "Jalisco", "cve_mun": "098", "cvegeomun": "14098", "nom_mun": "San Pedro Tlaquepaque", "cve_loc": "0014", "cvegeoloc": "140980014", "nom_loc": "Santa Anita", "clave_pueblo": 514, "nombre_pueblo": "Chatino", "pihogares": 1, "x_long": -103.44, "y_lat": 20.5505556 }, "geometry": { "type": "MultiPoint", "coordinates": [ [ -103.44, 20.550555555555551 ] ] } },
{ "type": "Feature", "properties": { "g_id": 33406, "cve_ent": "14", "nom_ent": "Jalisco", "cve_mun": "098", "cvegeomun": "14098", "nom_mun": "San Pedro Tlaquepaque", "cve_loc": "0014", "cvegeoloc": "140980014", "nom_loc": "Santa Anita", "clave_pueblo": 516, "nombre_pueblo": "Na savi/Ñuu Saavi/Mixteco", "pihogares": 10, "x_long": -103.44, "y_lat": 20.5505556 }, "geometry": { "type": "MultiPoint", "coordinates": [ [ -103.44, 20.550555555555551 ] ] } },
{ "type": "Feature", "properties": { "g_id": 33407, "cve_ent": "14", "nom_ent": "Jalisco", "cve_mun": "098", "cvegeomun": "14098", "nom_mun": "San Pedro Tlaquepaque", "cve_loc": "0014", "cvegeoloc": "140980014", "nom_loc": "Santa Anita", "clave_pueblo": 607, "nombre_pueblo": "Tsotsil", "pihogares": 4, "x_long": -103.44, "y_lat": 20.5505556 }, "geometry": { "type": "MultiPoint", "coordinates": [ [ -103.44, 20.550555555555551 ] ] } },
{ "type": "Feature", "properties": { "g_id": 33408, "cve_ent": "14", "nom_ent": "Jalisco", "cve_mun": "098", "cvegeomun": "14098", "nom_mun": "San Pedro Tlaquepaque", "cve_loc": "0014", "cvegeoloc": "140980014", "nom_loc": "Santa Anita", "clave_pueblo": 701, "nombre_pueblo": "Totonaco", "pihogares": 2, "x_long": -103.44, "y_lat": 20.5505556 }, "geometry": { "type": "MultiPoint", "coordinates": [ [ -103.44, 20.550555555555551 ] ] } },
{ "type": "Feature", "properties": { "g_id": 33409, "cve_ent": "14", "nom_ent": "Jalisco", "cve_mun": "098", "cvegeomun": "14098", "nom_mun": "San Pedro Tlaquepaque", "cve_loc": "0014", "cvegeoloc": "140980014", "nom_loc": "Santa Anita", "clave_pueblo": 801, "nombre_pueblo": "Purépecha/Pʾurhépecha/Pʾurhé/Tarasco", "pihogares": 13, "x_long": -103.44, "y_lat": 20.5505556 }, "geometry": { "type": "MultiPoint", "coordinates": [ [ -103.44, 20.550555555555551 ] ] } },
{ "type": "Feature", "properties": { "g_id": 33410, "cve_ent": "14", "nom_ent": "Jalisco", "cve_mun": "098", "cvegeomun": "14098", "nom_mun": "San Pedro Tlaquepaque", "cve_loc": "0017", "cvegeoloc": "140980017", "nom_loc": "San Martín de las Flores de Abajo (La Abadía) [Fraccionamiento]", "clave_pueblo": 210, "nombre_pueblo": "Wixárika/Huichol", "pihogares": 6, "x_long": -103.2835833, "y_lat": 20.5851931 }, "geometry": { "type": "MultiPoint", "coordinates": [ [ -103.283583332732604, 20.58519305556581 ] ] } },
{ "type": "Feature", "properties": { "g_id": 33411, "cve_ent": "14", "nom_ent": "Jalisco", "cve_mun": "098", "cvegeomun": "14098", "nom_mun": "San Pedro Tlaquepaque", "cve_loc": "0017", "cvegeoloc": "140980017", "nom_loc": "San Martín de las Flores de Abajo (La Abadía) [Fraccionamiento]", "clave_pueblo": 211, "nombre_pueblo": "Náhuatl", "pihogares": 4, "x_long": -103.2835833, "y_lat": 20.5851931 }, "geometry": { "type": "MultiPoint", "coordinates": [ [ -103.283583332732604, 20.58519305556581 ] ] } },
{ "type": "Feature", "properties": { "g_id": 33412, "cve_ent": "14", "nom_ent": "Jalisco", "cve_mun": "098", "cvegeomun": "14098", "nom_mun": "San Pedro Tlaquepaque", "cve_loc": "0029", "cvegeoloc": "140980029", "nom_loc": "Las Pomas", "clave_pueblo": 801, "nombre_pueblo": "Purépecha/Pʾurhépecha/Pʾurhé/Tarasco", "pihogares": 17, "x_long": -103.4202406, "y_lat": 20.5804711 }, "geometry": { "type": "MultiPoint", "coordinates": [ [ -103.4202405559205, 20.580471111298781 ] ] } },
{ "type": "Feature", "properties": { "g_id": 33413, "cve_ent": "14", "nom_ent": "Jalisco", "cve_mun": "098", "cvegeomun": "14098", "nom_mun": "San Pedro Tlaquepaque", "cve_loc": "0092", "cvegeoloc": "140980092", "nom_loc": "Pomas", "clave_pueblo": 211, "nombre_pueblo": "Náhuatl", "pihogares": 5, "x_long": -103.4290428, "y_lat": 20.5700869 }, "geometry": { "type": "MultiPoint", "coordinates": [ [ -103.429042778034102, 20.57008694431272 ] ] } },
{ "type": "Feature", "properties": { "g_id": 33414, "cve_ent": "14", "nom_ent": "Jalisco", "cve_mun": "098", "cvegeomun": "14098", "nom_mun": "San Pedro Tlaquepaque", "cve_loc": "0105", "cvegeoloc": "140980105", "nom_loc": "Santa Rosa (Real Tulipanes) [Fraccionamiento]", "clave_pueblo": 601, "nombre_pueblo": "Teenek/Huasteco", "pihogares": 4, "x_long": -103.3758564, "y_lat": 20.5727628 }, "geometry": { "type": "MultiPoint", "coordinates": [ [ -103.375856388768099, 20.57276277765833 ] ] } },
{ "type": "Feature", "properties": { "g_id": 33415, "cve_ent": "14", "nom_ent": "Jalisco", "cve_mun": "098", "cvegeomun": "14098", "nom_mun": "San Pedro Tlaquepaque", "cve_loc": "0128", "cvegeoloc": "140980128", "nom_loc": "Paseo del Prado", "clave_pueblo": 210, "nombre_pueblo": "Wixárika/Huichol", "pihogares": 9, "x_long": -103.3891667, "y_lat": 20.5644444 }, "geometry": { "type": "MultiPoint", "coordinates": [ [ -103.389166666666696, 20.56444444444444 ] ] } },
{ "type": "Feature", "properties": { "g_id": 33416, "cve_ent": "14", "nom_ent": "Jalisco", "cve_mun": "098", "cvegeomun": "14098", "nom_mun": "San Pedro Tlaquepaque", "cve_loc": "0128", "cvegeoloc": "140980128", "nom_loc": "Paseo del Prado", "clave_pueblo": 211, "nombre_pueblo": "Náhuatl", "pihogares": 20, "x_long": -103.3891667, "y_lat": 20.5644444 }, "geometry": { "type": "MultiPoint", "coordinates": [ [ -103.389166666666696, 20.56444444444444 ] ] } },
{ "type": "Feature", "properties": { "g_id": 33417, "cve_ent": "14", "nom_ent": "Jalisco", "cve_mun": "098", "cvegeomun": "14098", "nom_mun": "San Pedro Tlaquepaque", "cve_loc": "0128", "cvegeoloc": "140980128", "nom_loc": "Paseo del Prado", "clave_pueblo": 513, "nombre_pueblo": "Binnizá/Zapoteco", "pihogares": 12, "x_long": -103.3891667, "y_lat": 20.5644444 }, "geometry": { "type": "MultiPoint", "coordinates": [ [ -103.389166666666696, 20.56444444444444 ] ] } },
{ "type": "Feature", "properties": { "g_id": 33418, "cve_ent": "14", "nom_ent": "Jalisco", "cve_mun": "098", "cvegeomun": "14098", "nom_mun": "San Pedro Tlaquepaque", "cve_loc": "0128", "cvegeoloc": "140980128", "nom_loc": "Paseo del Prado", "clave_pueblo": 516, "nombre_pueblo": "Na savi/Ñuu Saavi/Mixteco", "pihogares": 4, "x_long": -103.3891667, "y_lat": 20.5644444 }, "geometry": { "type": "MultiPoint", "coordinates": [ [ -103.389166666666696, 20.56444444444444 ] ] } },
{ "type": "Feature", "properties": { "g_id": 33419, "cve_ent": "14", "nom_ent": "Jalisco", "cve_mun": "098", "cvegeomun": "14098", "nom_mun": "San Pedro Tlaquepaque", "cve_loc": "0128", "cvegeoloc": "140980128", "nom_loc": "Paseo del Prado", "clave_pueblo": 601, "nombre_pueblo": "Teenek/Huasteco", "pihogares": 4, "x_long": -103.3891667, "y_lat": 20.5644444 }, "geometry": { "type": "MultiPoint", "coordinates": [ [ -103.389166666666696, 20.56444444444444 ] ] } },
{ "type": "Feature", "properties": { "g_id": 33420, "cve_ent": "14", "nom_ent": "Jalisco", "cve_mun": "098", "cvegeomun": "14098", "nom_mun": "San Pedro Tlaquepaque", "cve_loc": "0128", "cvegeoloc": "140980128", "nom_loc": "Paseo del Prado", "clave_pueblo": 801, "nombre_pueblo": "Purépecha/Pʾurhépecha/Pʾurhé/Tarasco", "pihogares": 5, "x_long": -103.3891667, "y_lat": 20.5644444 }, "geometry": { "type": "MultiPoint", "coordinates": [ [ -103.389166666666696, 20.56444444444444 ] ] } },
{ "type": "Feature", "properties": { "g_id": 33421, "cve_ent": "14", "nom_ent": "Jalisco", "cve_mun": "098", "cvegeomun": "14098", "nom_mun": "San Pedro Tlaquepaque", "cve_loc": "0131", "cvegeoloc": "140980131", "nom_loc": "El Mirador", "clave_pueblo": 601, "nombre_pueblo": "Teenek/Huasteco", "pihogares": 2, "x_long": -103.2779, "y_lat": 20.5739497 }, "geometry": { "type": "MultiPoint", "coordinates": [ [ -103.277899999874606, 20.573949722003611 ] ] } },
{ "type": "Feature", "properties": { "g_id": 33422, "cve_ent": "14", "nom_ent": "Jalisco", "cve_mun": "098", "cvegeomun": "14098", "nom_mun": "San Pedro Tlaquepaque", "cve_loc": "0131", "cvegeoloc": "140980131", "nom_loc": "El Mirador", "clave_pueblo": 801, "nombre_pueblo": "Purépecha/Pʾurhépecha/Pʾurhé/Tarasco", "pihogares": 11, "x_long": -103.2779, "y_lat": 20.5739497 }, "geometry": { "type": "MultiPoint", "coordinates": [ [ -103.277899999874606, 20.573949722003611 ] ] } },
{ "type": "Feature", "properties": { "g_id": 33423, "cve_ent": "14", "nom_ent": "Jalisco", "cve_mun": "098", "cvegeomun": "14098", "nom_mun": "San Pedro Tlaquepaque", "cve_loc": "0132", "cvegeoloc": "140980132", "nom_loc": "San Juan", "clave_pueblo": 701, "nombre_pueblo": "Totonaco", "pihogares": 3, "x_long": -103.2683236, "y_lat": 20.5757747 }, "geometry": { "type": "MultiPoint", "coordinates": [ [ -103.268323611207194, 20.57577472203425 ] ] } },
{ "type": "Feature", "properties": { "g_id": 33424, "cve_ent": "14", "nom_ent": "Jalisco", "cve_mun": "098", "cvegeomun": "14098", "nom_mun": "San Pedro Tlaquepaque", "cve_loc": "0133", "cvegeoloc": "140980133", "nom_loc": "Verde Valle", "clave_pueblo": 210, "nombre_pueblo": "Wixárika/Huichol", "pihogares": 6, "x_long": -103.2778281, "y_lat": 20.5777367 }, "geometry": { "type": "MultiPoint", "coordinates": [ [ -103.277828056142098, 20.577736666589949 ] ] } },
{ "type": "Feature", "properties": { "g_id": 33425, "cve_ent": "14", "nom_ent": "Jalisco", "cve_mun": "098", "cvegeomun": "14098", "nom_mun": "San Pedro Tlaquepaque", "cve_loc": "0133", "cvegeoloc": "140980133", "nom_loc": "Verde Valle", "clave_pueblo": 501, "nombre_pueblo": "Otomí", "pihogares": 6, "x_long": -103.2778281, "y_lat": 20.5777367 }, "geometry": { "type": "MultiPoint", "coordinates": [ [ -103.277828056142098, 20.577736666589949 ] ] } },
{ "type": "Feature", "properties": { "g_id": 33426, "cve_ent": "14", "nom_ent": "Jalisco", "cve_mun": "098", "cvegeomun": "14098", "nom_mun": "San Pedro Tlaquepaque", "cve_loc": "0133", "cvegeoloc": "140980133", "nom_loc": "Verde Valle", "clave_pueblo": 516, "nombre_pueblo": "Na savi/Ñuu Saavi/Mixteco", "pihogares": 5, "x_long": -103.2778281, "y_lat": 20.5777367 }, "geometry": { "type": "MultiPoint", "coordinates": [ [ -103.277828056142098, 20.577736666589949 ] ] } },
{ "type": "Feature", "properties": { "g_id": 33427, "cve_ent": "14", "nom_ent": "Jalisco", "cve_mun": "098", "cvegeomun": "14098", "nom_mun": "San Pedro Tlaquepaque", "cve_loc": "0133", "cvegeoloc": "140980133", "nom_loc": "Verde Valle", "clave_pueblo": 801, "nombre_pueblo": "Purépecha/Pʾurhépecha/Pʾurhé/Tarasco", "pihogares": 8, "x_long": -103.2778281, "y_lat": 20.5777367 }, "geometry": { "type": "MultiPoint", "coordinates": [ [ -103.277828056142098, 20.577736666589949 ] ] } },
{ "type": "Feature", "properties": { "g_id": 33488, "cve_ent": "14", "nom_ent": "Jalisco", "cve_mun": "101", "cvegeomun": "14101", "nom_mun": "Tonalá", "cve_loc": "0001", "cvegeoloc": "141010001", "nom_loc": "Tonalá", "clave_pueblo": 205, "nombre_pueblo": "Rarámuri/Ralamuli/Tarahumara", "pihogares": 9, "x_long": -103.2455556, "y_lat": 20.6233333 }, "geometry": { "type": "MultiPoint", "coordinates": [ [ -103.245555555555597, 20.623333333333331 ] ] } },
{ "type": "Feature", "properties": { "g_id": 33489, "cve_ent": "14", "nom_ent": "Jalisco", "cve_mun": "101", "cvegeomun": "14101", "nom_mun": "Tonalá", "cve_loc": "0001", "cvegeoloc": "141010001", "nom_loc": "Tonalá", "clave_pueblo": 206, "nombre_pueblo": "Warihó/Macurawe/Guarijío", "pihogares": 4, "x_long": -103.2455556, "y_lat": 20.6233333 }, "geometry": { "type": "MultiPoint", "coordinates": [ [ -103.245555555555597, 20.623333333333331 ] ] } },
{ "type": "Feature", "properties": { "g_id": 33490, "cve_ent": "14", "nom_ent": "Jalisco", "cve_mun": "101", "cvegeomun": "14101", "nom_mun": "Tonalá", "cve_loc": "0001", "cvegeoloc": "141010001", "nom_loc": "Tonalá", "clave_pueblo": 208, "nombre_pueblo": "Yoreme/Mayo", "pihogares": 17, "x_long": -103.2455556, "y_lat": 20.6233333 }, "geometry": { "type": "MultiPoint", "coordinates": [ [ -103.245555555555597, 20.623333333333331 ] ] } },
{ "type": "Feature", "properties": { "g_id": 33491, "cve_ent": "14", "nom_ent": "Jalisco", "cve_mun": "101", "cvegeomun": "14101", "nom_mun": "Tonalá", "cve_loc": "0001", "cvegeoloc": "141010001", "nom_loc": "Tonalá", "clave_pueblo": 209, "nombre_pueblo": "Náayari/Cora", "pihogares": 18, "x_long": -103.2455556, "y_lat": 20.6233333 }, "geometry": { "type": "MultiPoint", "coordinates": [ [ -103.245555555555597, 20.623333333333331 ] ] } },
{ "type": "Feature", "properties": { "g_id": 33492, "cve_ent": "14", "nom_ent": "Jalisco", "cve_mun": "101", "cvegeomun": "14101", "nom_mun": "Tonalá", "cve_loc": "0001", "cvegeoloc": "141010001", "nom_loc": "Tonalá", "clave_pueblo": 210, "nombre_pueblo": "Wixárika/Huichol", "pihogares": 56, "x_long": -103.2455556, "y_lat": 20.6233333 }, "geometry": { "type": "MultiPoint", "coordinates": [ [ -103.245555555555597, 20.623333333333331 ] ] } },
{ "type": "Feature", "properties": { "g_id": 33493, "cve_ent": "14", "nom_ent": "Jalisco", "cve_mun": "101", "cvegeomun": "14101", "nom_mun": "Tonalá", "cve_loc": "0001", "cvegeoloc": "141010001", "nom_loc": "Tonalá", "clave_pueblo": 211, "nombre_pueblo": "Náhuatl", "pihogares": 814, "x_long": -103.2455556, "y_lat": 20.6233333 }, "geometry": { "type": "MultiPoint", "coordinates": [ [ -103.245555555555597, 20.623333333333331 ] ] } },
{ "type": "Feature", "properties": { "g_id": 33494, "cve_ent": "14", "nom_ent": "Jalisco", "cve_mun": "101", "cvegeomun": "14101", "nom_mun": "Tonalá", "cve_loc": "0001", "cvegeoloc": "141010001", "nom_loc": "Tonalá", "clave_pueblo": 501, "nombre_pueblo": "Otomí", "pihogares": 92, "x_long": -103.2455556, "y_lat": 20.6233333 }, "geometry": { "type": "MultiPoint", "coordinates": [ [ -103.245555555555597, 20.623333333333331 ] ] } },
{ "type": "Feature", "properties": { "g_id": 33495, "cve_ent": "14", "nom_ent": "Jalisco", "cve_mun": "101", "cvegeomun": "14101", "nom_mun": "Tonalá", "cve_loc": "0001", "cvegeoloc": "141010001", "nom_loc": "Tonalá", "clave_pueblo": 502, "nombre_pueblo": "Jñatrjo/Mazahua", "pihogares": 398, "x_long": -103.2455556, "y_lat": 20.6233333 }, "geometry": { "type": "MultiPoint", "coordinates": [ [ -103.245555555555597, 20.623333333333331 ] ] } },
{ "type": "Feature", "properties": { "g_id": 33496, "cve_ent": "14", "nom_ent": "Jalisco", "cve_mun": "101", "cvegeomun": "14101", "nom_mun": "Tonalá", "cve_loc": "0001", "cvegeoloc": "141010001", "nom_loc": "Tonalá", "clave_pueblo": 506, "nombre_pueblo": "Uzá/Chichimeco Jonaz", "pihogares": 3, "x_long": -103.2455556, "y_lat": 20.6233333 }, "geometry": { "type": "MultiPoint", "coordinates": [ [ -103.245555555555597, 20.623333333333331 ] ] } },
{ "type": "Feature", "properties": { "g_id": 33497, "cve_ent": "14", "nom_ent": "Jalisco", "cve_mun": "101", "cvegeomun": "14101", "nom_mun": "Tonalá", "cve_loc": "0001", "cvegeoloc": "141010001", "nom_loc": "Tonalá", "clave_pueblo": 507, "nombre_pueblo": "Chinanteco", "pihogares": 8, "x_long": -103.2455556, "y_lat": 20.6233333 }, "geometry": { "type": "MultiPoint", "coordinates": [ [ -103.245555555555597, 20.623333333333331 ] ] } },
{ "type": "Feature", "properties": { "g_id": 33498, "cve_ent": "14", "nom_ent": "Jalisco", "cve_mun": "101", "cvegeomun": "14101", "nom_mun": "Tonalá", "cve_loc": "0001", "cvegeoloc": "141010001", "nom_loc": "Tonalá", "clave_pueblo": 508, "nombre_pueblo": "Meʾphaa/Tlapaneco", "pihogares": 11, "x_long": -103.2455556, "y_lat": 20.6233333 }, "geometry": { "type": "MultiPoint", "coordinates": [ [ -103.245555555555597, 20.623333333333331 ] ] } },
{ "type": "Feature", "properties": { "g_id": 33499, "cve_ent": "14", "nom_ent": "Jalisco", "cve_mun": "101", "cvegeomun": "14101", "nom_mun": "Tonalá", "cve_loc": "0001", "cvegeoloc": "141010001", "nom_loc": "Tonalá", "clave_pueblo": 509, "nombre_pueblo": "Mazateco", "pihogares": 13, "x_long": -103.2455556, "y_lat": 20.6233333 }, "geometry": { "type": "MultiPoint", "coordinates": [ [ -103.245555555555597, 20.623333333333331 ] ] } },
{ "type": "Feature", "properties": { "g_id": 33500, "cve_ent": "14", "nom_ent": "Jalisco", "cve_mun": "101", "cvegeomun": "14101", "nom_mun": "Tonalá", "cve_loc": "0001", "cvegeoloc": "141010001", "nom_loc": "Tonalá", "clave_pueblo": 513, "nombre_pueblo": "Binnizá/Zapoteco", "pihogares": 59, "x_long": -103.2455556, "y_lat": 20.6233333 }, "geometry": { "type": "MultiPoint", "coordinates": [ [ -103.245555555555597, 20.623333333333331 ] ] } },
{ "type": "Feature", "properties": { "g_id": 33501, "cve_ent": "14", "nom_ent": "Jalisco", "cve_mun": "101", "cvegeomun": "14101", "nom_mun": "Tonalá", "cve_loc": "0001", "cvegeoloc": "141010001", "nom_loc": "Tonalá", "clave_pueblo": 514, "nombre_pueblo": "Chatino", "pihogares": 2, "x_long": -103.2455556, "y_lat": 20.6233333 }, "geometry": { "type": "MultiPoint", "coordinates": [ [ -103.245555555555597, 20.623333333333331 ] ] } },
{ "type": "Feature", "properties": { "g_id": 33502, "cve_ent": "14", "nom_ent": "Jalisco", "cve_mun": "101", "cvegeomun": "14101", "nom_mun": "Tonalá", "cve_loc": "0001", "cvegeoloc": "141010001", "nom_loc": "Tonalá", "clave_pueblo": 515, "nombre_pueblo": "Nn'anncue/Amuzgo", "pihogares": 7, "x_long": -103.2455556, "y_lat": 20.6233333 }, "geometry": { "type": "MultiPoint", "coordinates": [ [ -103.245555555555597, 20.623333333333331 ] ] } },
{ "type": "Feature", "properties": { "g_id": 33503, "cve_ent": "14", "nom_ent": "Jalisco", "cve_mun": "101", "cvegeomun": "14101", "nom_mun": "Tonalá", "cve_loc": "0001", "cvegeoloc": "141010001", "nom_loc": "Tonalá", "clave_pueblo": 516, "nombre_pueblo": "Na savi/Ñuu Saavi/Mixteco", "pihogares": 174, "x_long": -103.2455556, "y_lat": 20.6233333 }, "geometry": { "type": "MultiPoint", "coordinates": [ [ -103.245555555555597, 20.623333333333331 ] ] } },
{ "type": "Feature", "properties": { "g_id": 33504, "cve_ent": "14", "nom_ent": "Jalisco", "cve_mun": "101", "cvegeomun": "14101", "nom_mun": "Tonalá", "cve_loc": "0001", "cvegeoloc": "141010001", "nom_loc": "Tonalá", "clave_pueblo": 518, "nombre_pueblo": "Triqui", "pihogares": 16, "x_long": -103.2455556, "y_lat": 20.6233333 }, "geometry": { "type": "MultiPoint", "coordinates": [ [ -103.245555555555597, 20.623333333333331 ] ] } },
{ "type": "Feature", "properties": { "g_id": 33505, "cve_ent": "14", "nom_ent": "Jalisco", "cve_mun": "101", "cvegeomun": "14101", "nom_mun": "Tonalá", "cve_loc": "0001", "cvegeoloc": "141010001", "nom_loc": "Tonalá", "clave_pueblo": 601, "nombre_pueblo": "Teenek/Huasteco", "pihogares": 40, "x_long": -103.2455556, "y_lat": 20.6233333 }, "geometry": { "type": "MultiPoint", "coordinates": [ [ -103.245555555555597, 20.623333333333331 ] ] } },
{ "type": "Feature", "properties": { "g_id": 33506, "cve_ent": "14", "nom_ent": "Jalisco", "cve_mun": "101", "cvegeomun": "14101", "nom_mun": "Tonalá", "cve_loc": "0001", "cvegeoloc": "141010001", "nom_loc": "Tonalá", "clave_pueblo": 602, "nombre_pueblo": "Mayaʾwiinik/Maya", "pihogares": 21, "x_long": -103.2455556, "y_lat": 20.6233333 }, "geometry": { "type": "MultiPoint", "coordinates": [ [ -103.245555555555597, 20.623333333333331 ] ] } },
{ "type": "Feature", "properties": { "g_id": 33507, "cve_ent": "14", "nom_ent": "Jalisco", "cve_mun": "101", "cvegeomun": "14101", "nom_mun": "Tonalá", "cve_loc": "0001", "cvegeoloc": "141010001", "nom_loc": "Tonalá", "clave_pueblo": 603, "nombre_pueblo": "Hach winik/Lacandón", "pihogares": 1, "x_long": -103.2455556, "y_lat": 20.6233333 }, "geometry": { "type": "MultiPoint", "coordinates": [ [ -103.245555555555597, 20.623333333333331 ] ] } },
{ "type": "Feature", "properties": { "g_id": 33508, "cve_ent": "14", "nom_ent": "Jalisco", "cve_mun": "101", "cvegeomun": "14101", "nom_mun": "Tonalá", "cve_loc": "0001", "cvegeoloc": "141010001", "nom_loc": "Tonalá", "clave_pueblo": 604, "nombre_pueblo": "Ch'ol", "pihogares": 10, "x_long": -103.2455556, "y_lat": 20.6233333 }, "geometry": { "type": "MultiPoint", "coordinates": [ [ -103.245555555555597, 20.623333333333331 ] ] } },
{ "type": "Feature", "properties": { "g_id": 33509, "cve_ent": "14", "nom_ent": "Jalisco", "cve_mun": "101", "cvegeomun": "14101", "nom_mun": "Tonalá", "cve_loc": "0001", "cvegeoloc": "141010001", "nom_loc": "Tonalá", "clave_pueblo": 606, "nombre_pueblo": "Tseltal", "pihogares": 11, "x_long": -103.2455556, "y_lat": 20.6233333 }, "geometry": { "type": "MultiPoint", "coordinates": [ [ -103.245555555555597, 20.623333333333331 ] ] } },
{ "type": "Feature", "properties": { "g_id": 33510, "cve_ent": "14", "nom_ent": "Jalisco", "cve_mun": "101", "cvegeomun": "14101", "nom_mun": "Tonalá", "cve_loc": "0001", "cvegeoloc": "141010001", "nom_loc": "Tonalá", "clave_pueblo": 607, "nombre_pueblo": "Tsotsil", "pihogares": 52, "x_long": -103.2455556, "y_lat": 20.6233333 }, "geometry": { "type": "MultiPoint", "coordinates": [ [ -103.245555555555597, 20.623333333333331 ] ] } },
{ "type": "Feature", "properties": { "g_id": 33511, "cve_ent": "14", "nom_ent": "Jalisco", "cve_mun": "101", "cvegeomun": "14101", "nom_mun": "Tonalá", "cve_loc": "0001", "cvegeoloc": "141010001", "nom_loc": "Tonalá", "clave_pueblo": 614, "nombre_pueblo": "Q'eqchi'", "pihogares": 7, "x_long": -103.2455556, "y_lat": 20.6233333 }, "geometry": { "type": "MultiPoint", "coordinates": [ [ -103.245555555555597, 20.623333333333331 ] ] } },
{ "type": "Feature", "properties": { "g_id": 33512, "cve_ent": "14", "nom_ent": "Jalisco", "cve_mun": "101", "cvegeomun": "14101", "nom_mun": "Tonalá", "cve_loc": "0001", "cvegeoloc": "141010001", "nom_loc": "Tonalá", "clave_pueblo": 701, "nombre_pueblo": "Totonaco", "pihogares": 53, "x_long": -103.2455556, "y_lat": 20.6233333 }, "geometry": { "type": "MultiPoint", "coordinates": [ [ -103.245555555555597, 20.623333333333331 ] ] } },
{ "type": "Feature", "properties": { "g_id": 33513, "cve_ent": "14", "nom_ent": "Jalisco", "cve_mun": "101", "cvegeomun": "14101", "nom_mun": "Tonalá", "cve_loc": "0001", "cvegeoloc": "141010001", "nom_loc": "Tonalá", "clave_pueblo": 801, "nombre_pueblo": "Purépecha/Pʾurhépecha/Pʾurhé/Tarasco", "pihogares": 527, "x_long": -103.2455556, "y_lat": 20.6233333 }, "geometry": { "type": "MultiPoint", "coordinates": [ [ -103.245555555555597, 20.623333333333331 ] ] } },
{ "type": "Feature", "properties": { "g_id": 33514, "cve_ent": "14", "nom_ent": "Jalisco", "cve_mun": "101", "cvegeomun": "14101", "nom_mun": "Tonalá", "cve_loc": "0001", "cvegeoloc": "141010001", "nom_loc": "Tonalá", "clave_pueblo": 901, "nombre_pueblo": "Ayuuk/Ayook/Mixe", "pihogares": 15, "x_long": -103.2455556, "y_lat": 20.6233333 }, "geometry": { "type": "MultiPoint", "coordinates": [ [ -103.245555555555597, 20.623333333333331 ] ] } },
{ "type": "Feature", "properties": { "g_id": 33515, "cve_ent": "14", "nom_ent": "Jalisco", "cve_mun": "101", "cvegeomun": "14101", "nom_mun": "Tonalá", "cve_loc": "0001", "cvegeoloc": "141010001", "nom_loc": "Tonalá", "clave_pueblo": 907, "nombre_pueblo": "Zoque", "pihogares": 14, "x_long": -103.2455556, "y_lat": 20.6233333 }, "geometry": { "type": "MultiPoint", "coordinates": [ [ -103.245555555555597, 20.623333333333331 ] ] } },
{ "type": "Feature", "properties": { "g_id": 33516, "cve_ent": "14", "nom_ent": "Jalisco", "cve_mun": "101", "cvegeomun": "14101", "nom_mun": "Tonalá", "cve_loc": "0009", "cvegeoloc": "141010009", "nom_loc": "Coyula", "clave_pueblo": 205, "nombre_pueblo": "Rarámuri/Ralamuli/Tarahumara", "pihogares": 13, "x_long": -103.2266667, "y_lat": 20.6583333 }, "geometry": { "type": "MultiPoint", "coordinates": [ [ -103.226666666666702, 20.658333333333331 ] ] } },
{ "type": "Feature", "properties": { "g_id": 33517, "cve_ent": "14", "nom_ent": "Jalisco", "cve_mun": "101", "cvegeomun": "14101", "nom_mun": "Tonalá", "cve_loc": "0009", "cvegeoloc": "141010009", "nom_loc": "Coyula", "clave_pueblo": 210, "nombre_pueblo": "Wixárika/Huichol", "pihogares": 3, "x_long": -103.2266667, "y_lat": 20.6583333 }, "geometry": { "type": "MultiPoint", "coordinates": [ [ -103.226666666666702, 20.658333333333331 ] ] } },
{ "type": "Feature", "properties": { "g_id": 33518, "cve_ent": "14", "nom_ent": "Jalisco", "cve_mun": "101", "cvegeomun": "14101", "nom_mun": "Tonalá", "cve_loc": "0009", "cvegeoloc": "141010009", "nom_loc": "Coyula", "clave_pueblo": 211, "nombre_pueblo": "Náhuatl", "pihogares": 60, "x_long": -103.2266667, "y_lat": 20.6583333 }, "geometry": { "type": "MultiPoint", "coordinates": [ [ -103.226666666666702, 20.658333333333331 ] ] } },
{ "type": "Feature", "properties": { "g_id": 33519, "cve_ent": "14", "nom_ent": "Jalisco", "cve_mun": "101", "cvegeomun": "14101", "nom_mun": "Tonalá", "cve_loc": "0009", "cvegeoloc": "141010009", "nom_loc": "Coyula", "clave_pueblo": 501, "nombre_pueblo": "Otomí", "pihogares": 25, "x_long": -103.2266667, "y_lat": 20.6583333 }, "geometry": { "type": "MultiPoint", "coordinates": [ [ -103.226666666666702, 20.658333333333331 ] ] } },
{ "type": "Feature", "properties": { "g_id": 33520, "cve_ent": "14", "nom_ent": "Jalisco", "cve_mun": "101", "cvegeomun": "14101", "nom_mun": "Tonalá", "cve_loc": "0009", "cvegeoloc": "141010009", "nom_loc": "Coyula", "clave_pueblo": 513, "nombre_pueblo": "Binnizá/Zapoteco", "pihogares": 2, "x_long": -103.2266667, "y_lat": 20.6583333 }, "geometry": { "type": "MultiPoint", "coordinates": [ [ -103.226666666666702, 20.658333333333331 ] ] } },
{ "type": "Feature", "properties": { "g_id": 33521, "cve_ent": "14", "nom_ent": "Jalisco", "cve_mun": "101", "cvegeomun": "14101", "nom_mun": "Tonalá", "cve_loc": "0009", "cvegeoloc": "141010009", "nom_loc": "Coyula", "clave_pueblo": 516, "nombre_pueblo": "Na savi/Ñuu Saavi/Mixteco", "pihogares": 14, "x_long": -103.2266667, "y_lat": 20.6583333 }, "geometry": { "type": "MultiPoint", "coordinates": [ [ -103.226666666666702, 20.658333333333331 ] ] } },
{ "type": "Feature", "properties": { "g_id": 33522, "cve_ent": "14", "nom_ent": "Jalisco", "cve_mun": "101", "cvegeomun": "14101", "nom_mun": "Tonalá", "cve_loc": "0009", "cvegeoloc": "141010009", "nom_loc": "Coyula", "clave_pueblo": 601, "nombre_pueblo": "Teenek/Huasteco", "pihogares": 2, "x_long": -103.2266667, "y_lat": 20.6583333 }, "geometry": { "type": "MultiPoint", "coordinates": [ [ -103.226666666666702, 20.658333333333331 ] ] } },
{ "type": "Feature", "properties": { "g_id": 33523, "cve_ent": "14", "nom_ent": "Jalisco", "cve_mun": "101", "cvegeomun": "14101", "nom_mun": "Tonalá", "cve_loc": "0009", "cvegeoloc": "141010009", "nom_loc": "Coyula", "clave_pueblo": 602, "nombre_pueblo": "Mayaʾwiinik/Maya", "pihogares": 2, "x_long": -103.2266667, "y_lat": 20.6583333 }, "geometry": { "type": "MultiPoint", "coordinates": [ [ -103.226666666666702, 20.658333333333331 ] ] } },
{ "type": "Feature", "properties": { "g_id": 33524, "cve_ent": "14", "nom_ent": "Jalisco", "cve_mun": "101", "cvegeomun": "14101", "nom_mun": "Tonalá", "cve_loc": "0009", "cvegeoloc": "141010009", "nom_loc": "Coyula", "clave_pueblo": 604, "nombre_pueblo": "Ch'ol", "pihogares": 5, "x_long": -103.2266667, "y_lat": 20.6583333 }, "geometry": { "type": "MultiPoint", "coordinates": [ [ -103.226666666666702, 20.658333333333331 ] ] } },
{ "type": "Feature", "properties": { "g_id": 33525, "cve_ent": "14", "nom_ent": "Jalisco", "cve_mun": "101", "cvegeomun": "14101", "nom_mun": "Tonalá", "cve_loc": "0009", "cvegeoloc": "141010009", "nom_loc": "Coyula", "clave_pueblo": 701, "nombre_pueblo": "Totonaco", "pihogares": 18, "x_long": -103.2266667, "y_lat": 20.6583333 }, "geometry": { "type": "MultiPoint", "coordinates": [ [ -103.226666666666702, 20.658333333333331 ] ] } },
{ "type": "Feature", "properties": { "g_id": 33526, "cve_ent": "14", "nom_ent": "Jalisco", "cve_mun": "101", "cvegeomun": "14101", "nom_mun": "Tonalá", "cve_loc": "0009", "cvegeoloc": "141010009", "nom_loc": "Coyula", "clave_pueblo": 801, "nombre_pueblo": "Purépecha/Pʾurhépecha/Pʾurhé/Tarasco", "pihogares": 14, "x_long": -103.2266667, "y_lat": 20.6583333 }, "geometry": { "type": "MultiPoint", "coordinates": [ [ -103.226666666666702, 20.658333333333331 ] ] } },
{ "type": "Feature", "properties": { "g_id": 33527, "cve_ent": "14", "nom_ent": "Jalisco", "cve_mun": "101", "cvegeomun": "14101", "nom_mun": "Tonalá", "cve_loc": "0009", "cvegeoloc": "141010009", "nom_loc": "Coyula", "clave_pueblo": 907, "nombre_pueblo": "Zoque", "pihogares": 4, "x_long": -103.2266667, "y_lat": 20.6583333 }, "geometry": { "type": "MultiPoint", "coordinates": [ [ -103.226666666666702, 20.658333333333331 ] ] } },
{ "type": "Feature", "properties": { "g_id": 33528, "cve_ent": "14", "nom_ent": "Jalisco", "cve_mun": "101", "cvegeomun": "14101", "nom_mun": "Tonalá", "cve_loc": "0022", "cvegeoloc": "141010022", "nom_loc": "Mismaloya (Fraccionamiento Pedregal de Santa Martha)", "clave_pueblo": 205, "nombre_pueblo": "Rarámuri/Ralamuli/Tarahumara", "pihogares": 2, "x_long": -103.1700211, "y_lat": 20.6050125 }, "geometry": { "type": "MultiPoint", "coordinates": [ [ -103.170021111111097, 20.6050125 ] ] } },
{ "type": "Feature", "properties": { "g_id": 33529, "cve_ent": "14", "nom_ent": "Jalisco", "cve_mun": "101", "cvegeomun": "14101", "nom_mun": "Tonalá", "cve_loc": "0022", "cvegeoloc": "141010022", "nom_loc": "Mismaloya (Fraccionamiento Pedregal de Santa Martha)", "clave_pueblo": 210, "nombre_pueblo": "Wixárika/Huichol", "pihogares": 11, "x_long": -103.1700211, "y_lat": 20.6050125 }, "geometry": { "type": "MultiPoint", "coordinates": [ [ -103.170021111111097, 20.6050125 ] ] } },
{ "type": "Feature", "properties": { "g_id": 33530, "cve_ent": "14", "nom_ent": "Jalisco", "cve_mun": "101", "cvegeomun": "14101", "nom_mun": "Tonalá", "cve_loc": "0022", "cvegeoloc": "141010022", "nom_loc": "Mismaloya (Fraccionamiento Pedregal de Santa Martha)", "clave_pueblo": 211, "nombre_pueblo": "Náhuatl", "pihogares": 29, "x_long": -103.1700211, "y_lat": 20.6050125 }, "geometry": { "type": "MultiPoint", "coordinates": [ [ -103.170021111111097, 20.6050125 ] ] } },
{ "type": "Feature", "properties": { "g_id": 33531, "cve_ent": "14", "nom_ent": "Jalisco", "cve_mun": "101", "cvegeomun": "14101", "nom_mun": "Tonalá", "cve_loc": "0022", "cvegeoloc": "141010022", "nom_loc": "Mismaloya (Fraccionamiento Pedregal de Santa Martha)", "clave_pueblo": 513, "nombre_pueblo": "Binnizá/Zapoteco", "pihogares": 4, "x_long": -103.1700211, "y_lat": 20.6050125 }, "geometry": { "type": "MultiPoint", "coordinates": [ [ -103.170021111111097, 20.6050125 ] ] } },
{ "type": "Feature", "properties": { "g_id": 33532, "cve_ent": "14", "nom_ent": "Jalisco", "cve_mun": "101", "cvegeomun": "14101", "nom_mun": "Tonalá", "cve_loc": "0022", "cvegeoloc": "141010022", "nom_loc": "Mismaloya (Fraccionamiento Pedregal de Santa Martha)", "clave_pueblo": 516, "nombre_pueblo": "Na savi/Ñuu Saavi/Mixteco", "pihogares": 2, "x_long": -103.1700211, "y_lat": 20.6050125 }, "geometry": { "type": "MultiPoint", "coordinates": [ [ -103.170021111111097, 20.6050125 ] ] } },
{ "type": "Feature", "properties": { "g_id": 33533, "cve_ent": "14", "nom_ent": "Jalisco", "cve_mun": "101", "cvegeomun": "14101", "nom_mun": "Tonalá", "cve_loc": "0022", "cvegeoloc": "141010022", "nom_loc": "Mismaloya (Fraccionamiento Pedregal de Santa Martha)", "clave_pueblo": 602, "nombre_pueblo": "Mayaʾwiinik/Maya", "pihogares": 7, "x_long": -103.1700211, "y_lat": 20.6050125 }, "geometry": { "type": "MultiPoint", "coordinates": [ [ -103.170021111111097, 20.6050125 ] ] } },
{ "type": "Feature", "properties": { "g_id": 33534, "cve_ent": "14", "nom_ent": "Jalisco", "cve_mun": "101", "cvegeomun": "14101", "nom_mun": "Tonalá", "cve_loc": "0022", "cvegeoloc": "141010022", "nom_loc": "Mismaloya (Fraccionamiento Pedregal de Santa Martha)", "clave_pueblo": 801, "nombre_pueblo": "Purépecha/Pʾurhépecha/Pʾurhé/Tarasco", "pihogares": 14, "x_long": -103.1700211, "y_lat": 20.6050125 }, "geometry": { "type": "MultiPoint", "coordinates": [ [ -103.170021111111097, 20.6050125 ] ] } },
{ "type": "Feature", "properties": { "g_id": 33535, "cve_ent": "14", "nom_ent": "Jalisco", "cve_mun": "101", "cvegeomun": "14101", "nom_mun": "Tonalá", "cve_loc": "0022", "cvegeoloc": "141010022", "nom_loc": "Mismaloya (Fraccionamiento Pedregal de Santa Martha)", "clave_pueblo": 901, "nombre_pueblo": "Ayuuk/Ayook/Mixe", "pihogares": 7, "x_long": -103.1700211, "y_lat": 20.6050125 }, "geometry": { "type": "MultiPoint", "coordinates": [ [ -103.170021111111097, 20.6050125 ] ] } },
{ "type": "Feature", "properties": { "g_id": 33536, "cve_ent": "14", "nom_ent": "Jalisco", "cve_mun": "101", "cvegeomun": "14101", "nom_mun": "Tonalá", "cve_loc": "0026", "cvegeoloc": "141010026", "nom_loc": "Puente Grande", "clave_pueblo": 509, "nombre_pueblo": "Mazateco", "pihogares": 2, "x_long": -103.1569444, "y_lat": 20.5683333 }, "geometry": { "type": "MultiPoint", "coordinates": [ [ -103.156944444444406, 20.568333333333339 ] ] } },
{ "type": "Feature", "properties": { "g_id": 33537, "cve_ent": "14", "nom_ent": "Jalisco", "cve_mun": "101", "cvegeomun": "14101", "nom_mun": "Tonalá", "cve_loc": "0027", "cvegeoloc": "141010027", "nom_loc": "La Punta", "clave_pueblo": 210, "nombre_pueblo": "Wixárika/Huichol", "pihogares": 1, "x_long": -103.2094444, "y_lat": 20.5691667 }, "geometry": { "type": "MultiPoint", "coordinates": [ [ -103.209444444444401, 20.569166666666671 ] ] } },
{ "type": "Feature", "properties": { "g_id": 33538, "cve_ent": "14", "nom_ent": "Jalisco", "cve_mun": "101", "cvegeomun": "14101", "nom_mun": "Tonalá", "cve_loc": "0027", "cvegeoloc": "141010027", "nom_loc": "La Punta", "clave_pueblo": 211, "nombre_pueblo": "Náhuatl", "pihogares": 2, "x_long": -103.2094444, "y_lat": 20.5691667 }, "geometry": { "type": "MultiPoint", "coordinates": [ [ -103.209444444444401, 20.569166666666671 ] ] } },
{ "type": "Feature", "properties": { "g_id": 33539, "cve_ent": "14", "nom_ent": "Jalisco", "cve_mun": "101", "cvegeomun": "14101", "nom_mun": "Tonalá", "cve_loc": "0027", "cvegeoloc": "141010027", "nom_loc": "La Punta", "clave_pueblo": 516, "nombre_pueblo": "Na savi/Ñuu Saavi/Mixteco", "pihogares": 40, "x_long": -103.2094444, "y_lat": 20.5691667 }, "geometry": { "type": "MultiPoint", "coordinates": [ [ -103.209444444444401, 20.569166666666671 ] ] } },
{ "type": "Feature", "properties": { "g_id": 33540, "cve_ent": "14", "nom_ent": "Jalisco", "cve_mun": "101", "cvegeomun": "14101", "nom_mun": "Tonalá", "cve_loc": "0027", "cvegeoloc": "141010027", "nom_loc": "La Punta", "clave_pueblo": 801, "nombre_pueblo": "Purépecha/Pʾurhépecha/Pʾurhé/Tarasco", "pihogares": 12, "x_long": -103.2094444, "y_lat": 20.5691667 }, "geometry": { "type": "MultiPoint", "coordinates": [ [ -103.209444444444401, 20.569166666666671 ] ] } },
{ "type": "Feature", "properties": { "g_id": 33541, "cve_ent": "14", "nom_ent": "Jalisco", "cve_mun": "101", "cvegeomun": "14101", "nom_mun": "Tonalá", "cve_loc": "0027", "cvegeoloc": "141010027", "nom_loc": "La Punta", "clave_pueblo": 901, "nombre_pueblo": "Ayuuk/Ayook/Mixe", "pihogares": 1, "x_long": -103.2094444, "y_lat": 20.5691667 }, "geometry": { "type": "MultiPoint", "coordinates": [ [ -103.209444444444401, 20.569166666666671 ] ] } },
{ "type": "Feature", "properties": { "g_id": 33542, "cve_ent": "14", "nom_ent": "Jalisco", "cve_mun": "101", "cvegeomun": "14101", "nom_mun": "Tonalá", "cve_loc": "0031", "cvegeoloc": "141010031", "nom_loc": "San Francisco de la Soledad (San Francisco)", "clave_pueblo": 211, "nombre_pueblo": "Náhuatl", "pihogares": 9, "x_long": -103.1841667, "y_lat": 20.5672222 }, "geometry": { "type": "MultiPoint", "coordinates": [ [ -103.184166666666698, 20.56722222222222 ] ] } },
{ "type": "Feature", "properties": { "g_id": 33543, "cve_ent": "14", "nom_ent": "Jalisco", "cve_mun": "101", "cvegeomun": "14101", "nom_mun": "Tonalá", "cve_loc": "0031", "cvegeoloc": "141010031", "nom_loc": "San Francisco de la Soledad (San Francisco)", "clave_pueblo": 508, "nombre_pueblo": "Meʾphaa/Tlapaneco", "pihogares": 2, "x_long": -103.1841667, "y_lat": 20.5672222 }, "geometry": { "type": "MultiPoint", "coordinates": [ [ -103.184166666666698, 20.56722222222222 ] ] } },
{ "type": "Feature", "properties": { "g_id": 33544, "cve_ent": "14", "nom_ent": "Jalisco", "cve_mun": "101", "cvegeomun": "14101", "nom_mun": "Tonalá", "cve_loc": "0031", "cvegeoloc": "141010031", "nom_loc": "San Francisco de la Soledad (San Francisco)", "clave_pueblo": 801, "nombre_pueblo": "Purépecha/Pʾurhépecha/Pʾurhé/Tarasco", "pihogares": 5, "x_long": -103.1841667, "y_lat": 20.5672222 }, "geometry": { "type": "MultiPoint", "coordinates": [ [ -103.184166666666698, 20.56722222222222 ] ] } },
{ "type": "Feature", "properties": { "g_id": 33545, "cve_ent": "14", "nom_ent": "Jalisco", "cve_mun": "101", "cvegeomun": "14101", "nom_mun": "Tonalá", "cve_loc": "0034", "cvegeoloc": "141010034", "nom_loc": "Colinas de Tonalá (San Nicolás) [Fraccionamiento]", "clave_pueblo": 210, "nombre_pueblo": "Wixárika/Huichol", "pihogares": 4, "x_long": -103.2029133, "y_lat": 20.6144317 }, "geometry": { "type": "MultiPoint", "coordinates": [ [ -103.202913333333299, 20.614431666666668 ] ] } },
{ "type": "Feature", "properties": { "g_id": 33546, "cve_ent": "14", "nom_ent": "Jalisco", "cve_mun": "101", "cvegeomun": "14101", "nom_mun": "Tonalá", "cve_loc": "0034", "cvegeoloc": "141010034", "nom_loc": "Colinas de Tonalá (San Nicolás) [Fraccionamiento]", "clave_pueblo": 211, "nombre_pueblo": "Náhuatl", "pihogares": 3, "x_long": -103.2029133, "y_lat": 20.6144317 }, "geometry": { "type": "MultiPoint", "coordinates": [ [ -103.202913333333299, 20.614431666666668 ] ] } },
{ "type": "Feature", "properties": { "g_id": 33547, "cve_ent": "14", "nom_ent": "Jalisco", "cve_mun": "101", "cvegeomun": "14101", "nom_mun": "Tonalá", "cve_loc": "0034", "cvegeoloc": "141010034", "nom_loc": "Colinas de Tonalá (San Nicolás) [Fraccionamiento]", "clave_pueblo": 513, "nombre_pueblo": "Binnizá/Zapoteco", "pihogares": 6, "x_long": -103.2029133, "y_lat": 20.6144317 }, "geometry": { "type": "MultiPoint", "coordinates": [ [ -103.202913333333299, 20.614431666666668 ] ] } },
{ "type": "Feature", "properties": { "g_id": 33548, "cve_ent": "14", "nom_ent": "Jalisco", "cve_mun": "101", "cvegeomun": "14101", "nom_mun": "Tonalá", "cve_loc": "0034", "cvegeoloc": "141010034", "nom_loc": "Colinas de Tonalá (San Nicolás) [Fraccionamiento]", "clave_pueblo": 601, "nombre_pueblo": "Teenek/Huasteco", "pihogares": 1, "x_long": -103.2029133, "y_lat": 20.6144317 }, "geometry": { "type": "MultiPoint", "coordinates": [ [ -103.202913333333299, 20.614431666666668 ] ] } },
{ "type": "Feature", "properties": { "g_id": 33549, "cve_ent": "14", "nom_ent": "Jalisco", "cve_mun": "101", "cvegeomun": "14101", "nom_mun": "Tonalá", "cve_loc": "0034", "cvegeoloc": "141010034", "nom_loc": "Colinas de Tonalá (San Nicolás) [Fraccionamiento]", "clave_pueblo": 602, "nombre_pueblo": "Mayaʾwiinik/Maya", "pihogares": 2, "x_long": -103.2029133, "y_lat": 20.6144317 }, "geometry": { "type": "MultiPoint", "coordinates": [ [ -103.202913333333299, 20.614431666666668 ] ] } },
{ "type": "Feature", "properties": { "g_id": 33550, "cve_ent": "14", "nom_ent": "Jalisco", "cve_mun": "101", "cvegeomun": "14101", "nom_mun": "Tonalá", "cve_loc": "0034", "cvegeoloc": "141010034", "nom_loc": "Colinas de Tonalá (San Nicolás) [Fraccionamiento]", "clave_pueblo": 801, "nombre_pueblo": "Purépecha/Pʾurhépecha/Pʾurhé/Tarasco", "pihogares": 3, "x_long": -103.2029133, "y_lat": 20.6144317 }, "geometry": { "type": "MultiPoint", "coordinates": [ [ -103.202913333333299, 20.614431666666668 ] ] } },
{ "type": "Feature", "properties": { "g_id": 33551, "cve_ent": "14", "nom_ent": "Jalisco", "cve_mun": "101", "cvegeomun": "14101", "nom_mun": "Tonalá", "cve_loc": "0034", "cvegeoloc": "141010034", "nom_loc": "Colinas de Tonalá (San Nicolás) [Fraccionamiento]", "clave_pueblo": 901, "nombre_pueblo": "Ayuuk/Ayook/Mixe", "pihogares": 4, "x_long": -103.2029133, "y_lat": 20.6144317 }, "geometry": { "type": "MultiPoint", "coordinates": [ [ -103.202913333333299, 20.614431666666668 ] ] } },
{ "type": "Feature", "properties": { "g_id": 33552, "cve_ent": "14", "nom_ent": "Jalisco", "cve_mun": "101", "cvegeomun": "14101", "nom_mun": "Tonalá", "cve_loc": "0038", "cvegeoloc": "141010038", "nom_loc": "El Vado", "clave_pueblo": 501, "nombre_pueblo": "Otomí", "pihogares": 4, "x_long": -103.1575472, "y_lat": 20.60895 }, "geometry": { "type": "MultiPoint", "coordinates": [ [ -103.157547222222206, 20.60895 ] ] } },
{ "type": "Feature", "properties": { "g_id": 33553, "cve_ent": "14", "nom_ent": "Jalisco", "cve_mun": "101", "cvegeomun": "14101", "nom_mun": "Tonalá", "cve_loc": "0038", "cvegeoloc": "141010038", "nom_loc": "El Vado", "clave_pueblo": 513, "nombre_pueblo": "Binnizá/Zapoteco", "pihogares": 4, "x_long": -103.1575472, "y_lat": 20.60895 }, "geometry": { "type": "MultiPoint", "coordinates": [ [ -103.157547222222206, 20.60895 ] ] } },
{ "type": "Feature", "properties": { "g_id": 33554, "cve_ent": "14", "nom_ent": "Jalisco", "cve_mun": "101", "cvegeomun": "14101", "nom_mun": "Tonalá", "cve_loc": "0038", "cvegeoloc": "141010038", "nom_loc": "El Vado", "clave_pueblo": 516, "nombre_pueblo": "Na savi/Ñuu Saavi/Mixteco", "pihogares": 4, "x_long": -103.1575472, "y_lat": 20.60895 }, "geometry": { "type": "MultiPoint", "coordinates": [ [ -103.157547222222206, 20.60895 ] ] } },
{ "type": "Feature", "properties": { "g_id": 33555, "cve_ent": "14", "nom_ent": "Jalisco", "cve_mun": "101", "cvegeomun": "14101", "nom_mun": "Tonalá", "cve_loc": "0038", "cvegeoloc": "141010038", "nom_loc": "El Vado", "clave_pueblo": 602, "nombre_pueblo": "Mayaʾwiinik/Maya", "pihogares": 2, "x_long": -103.1575472, "y_lat": 20.60895 }, "geometry": { "type": "MultiPoint", "coordinates": [ [ -103.157547222222206, 20.60895 ] ] } },
{ "type": "Feature", "properties": { "g_id": 33556, "cve_ent": "14", "nom_ent": "Jalisco", "cve_mun": "101", "cvegeomun": "14101", "nom_mun": "Tonalá", "cve_loc": "0038", "cvegeoloc": "141010038", "nom_loc": "El Vado", "clave_pueblo": 801, "nombre_pueblo": "Purépecha/Pʾurhépecha/Pʾurhé/Tarasco", "pihogares": 6, "x_long": -103.1575472, "y_lat": 20.60895 }, "geometry": { "type": "MultiPoint", "coordinates": [ [ -103.157547222222206, 20.60895 ] ] } },
{ "type": "Feature", "properties": { "g_id": 33557, "cve_ent": "14", "nom_ent": "Jalisco", "cve_mun": "101", "cvegeomun": "14101", "nom_mun": "Tonalá", "cve_loc": "0111", "cvegeoloc": "141010111", "nom_loc": "Los Amiales", "clave_pueblo": 211, "nombre_pueblo": "Náhuatl", "pihogares": 3, "x_long": -103.2305447, "y_lat": 20.6140958 }, "geometry": { "type": "MultiPoint", "coordinates": [ [ -103.230544722097903, 20.61409583306391 ] ] } },
{ "type": "Feature", "properties": { "g_id": 33558, "cve_ent": "14", "nom_ent": "Jalisco", "cve_mun": "101", "cvegeomun": "14101", "nom_mun": "Tonalá", "cve_loc": "0130", "cvegeoloc": "141010130", "nom_loc": "Colonia Guadalupana", "clave_pueblo": 801, "nombre_pueblo": "Purépecha/Pʾurhépecha/Pʾurhé/Tarasco", "pihogares": 3, "x_long": -103.2188806, "y_lat": 20.5665172 }, "geometry": { "type": "MultiPoint", "coordinates": [ [ -103.218880555961405, 20.566517222331971 ] ] } },
{ "type": "Feature", "properties": { "g_id": 33559, "cve_ent": "14", "nom_ent": "Jalisco", "cve_mun": "101", "cvegeomun": "14101", "nom_mun": "Tonalá", "cve_loc": "0154", "cvegeoloc": "141010154", "nom_loc": "El Tepame", "clave_pueblo": 516, "nombre_pueblo": "Na savi/Ñuu Saavi/Mixteco", "pihogares": 2, "x_long": -103.1941847, "y_lat": 20.5708811 }, "geometry": { "type": "MultiPoint", "coordinates": [ [ -103.194184722052995, 20.57088111133033 ] ] } },
{ "type": "Feature", "properties": { "g_id": 33560, "cve_ent": "14", "nom_ent": "Jalisco", "cve_mun": "101", "cvegeomun": "14101", "nom_mun": "Tonalá", "cve_loc": "0188", "cvegeoloc": "141010188", "nom_loc": "Nuevo Israel", "clave_pueblo": 211, "nombre_pueblo": "Náhuatl", "pihogares": 3, "x_long": -103.2656744, "y_lat": 20.6982339 }, "geometry": { "type": "MultiPoint", "coordinates": [ [ -103.265674444252795, 20.698233889329551 ] ] } },
{ "type": "Feature", "properties": { "g_id": 33561, "cve_ent": "14", "nom_ent": "Jalisco", "cve_mun": "101", "cvegeomun": "14101", "nom_mun": "Tonalá", "cve_loc": "0188", "cvegeoloc": "141010188", "nom_loc": "Nuevo Israel", "clave_pueblo": 502, "nombre_pueblo": "Jñatrjo/Mazahua", "pihogares": 3, "x_long": -103.2656744, "y_lat": 20.6982339 }, "geometry": { "type": "MultiPoint", "coordinates": [ [ -103.265674444252795, 20.698233889329551 ] ] } },
{ "type": "Feature", "properties": { "g_id": 33562, "cve_ent": "14", "nom_ent": "Jalisco", "cve_mun": "101", "cvegeomun": "14101", "nom_mun": "Tonalá", "cve_loc": "0188", "cvegeoloc": "141010188", "nom_loc": "Nuevo Israel", "clave_pueblo": 509, "nombre_pueblo": "Mazateco", "pihogares": 6, "x_long": -103.2656744, "y_lat": 20.6982339 }, "geometry": { "type": "MultiPoint", "coordinates": [ [ -103.265674444252795, 20.698233889329551 ] ] } },
{ "type": "Feature", "properties": { "g_id": 33563, "cve_ent": "14", "nom_ent": "Jalisco", "cve_mun": "101", "cvegeomun": "14101", "nom_mun": "Tonalá", "cve_loc": "0188", "cvegeoloc": "141010188", "nom_loc": "Nuevo Israel", "clave_pueblo": 602, "nombre_pueblo": "Mayaʾwiinik/Maya", "pihogares": 6, "x_long": -103.2656744, "y_lat": 20.6982339 }, "geometry": { "type": "MultiPoint", "coordinates": [ [ -103.265674444252795, 20.698233889329551 ] ] } },
{ "type": "Feature", "properties": { "g_id": 33564, "cve_ent": "14", "nom_ent": "Jalisco", "cve_mun": "101", "cvegeomun": "14101", "nom_mun": "Tonalá", "cve_loc": "0189", "cvegeoloc": "141010189", "nom_loc": "Paseo de las Cañadas", "clave_pueblo": 211, "nombre_pueblo": "Náhuatl", "pihogares": 6, "x_long": -103.1979283, "y_lat": 20.6238022 }, "geometry": { "type": "MultiPoint", "coordinates": [ [ -103.197928333333294, 20.623802222222221 ] ] } },
{ "type": "Feature", "properties": { "g_id": 33565, "cve_ent": "14", "nom_ent": "Jalisco", "cve_mun": "101", "cvegeomun": "14101", "nom_mun": "Tonalá", "cve_loc": "0189", "cvegeoloc": "141010189", "nom_loc": "Paseo de las Cañadas", "clave_pueblo": 701, "nombre_pueblo": "Totonaco", "pihogares": 3, "x_long": -103.1979283, "y_lat": 20.6238022 }, "geometry": { "type": "MultiPoint", "coordinates": [ [ -103.197928333333294, 20.623802222222221 ] ] } },
{ "type": "Feature", "properties": { "g_id": 33566, "cve_ent": "14", "nom_ent": "Jalisco", "cve_mun": "101", "cvegeomun": "14101", "nom_mun": "Tonalá", "cve_loc": "0189", "cvegeoloc": "141010189", "nom_loc": "Paseo de las Cañadas", "clave_pueblo": 801, "nombre_pueblo": "Purépecha/Pʾurhépecha/Pʾurhé/Tarasco", "pihogares": 4, "x_long": -103.1979283, "y_lat": 20.6238022 }, "geometry": { "type": "MultiPoint", "coordinates": [ [ -103.197928333333294, 20.623802222222221 ] ] } },
{ "type": "Feature", "properties": { "g_id": 33567, "cve_ent": "14", "nom_ent": "Jalisco", "cve_mun": "101", "cvegeomun": "14101", "nom_mun": "Tonalá", "cve_loc": "0190", "cvegeoloc": "141010190", "nom_loc": "Paseo Puente Viejo", "clave_pueblo": 211, "nombre_pueblo": "Náhuatl", "pihogares": 2, "x_long": -103.1905556, "y_lat": 20.5691667 }, "geometry": { "type": "MultiPoint", "coordinates": [ [ -103.190555555555605, 20.569166666666671 ] ] } },
{ "type": "Feature", "properties": { "g_id": 33568, "cve_ent": "14", "nom_ent": "Jalisco", "cve_mun": "101", "cvegeomun": "14101", "nom_mun": "Tonalá", "cve_loc": "0190", "cvegeoloc": "141010190", "nom_loc": "Paseo Puente Viejo", "clave_pueblo": 508, "nombre_pueblo": "Meʾphaa/Tlapaneco", "pihogares": 4, "x_long": -103.1905556, "y_lat": 20.5691667 }, "geometry": { "type": "MultiPoint", "coordinates": [ [ -103.190555555555605, 20.569166666666671 ] ] } },
{ "type": "Feature", "properties": { "g_id": 33569, "cve_ent": "14", "nom_ent": "Jalisco", "cve_mun": "101", "cvegeomun": "14101", "nom_mun": "Tonalá", "cve_loc": "0190", "cvegeoloc": "141010190", "nom_loc": "Paseo Puente Viejo", "clave_pueblo": 516, "nombre_pueblo": "Na savi/Ñuu Saavi/Mixteco", "pihogares": 3, "x_long": -103.1905556, "y_lat": 20.5691667 }, "geometry": { "type": "MultiPoint", "coordinates": [ [ -103.190555555555605, 20.569166666666671 ] ] } },
{ "type": "Feature", "properties": { "g_id": 33570, "cve_ent": "14", "nom_ent": "Jalisco", "cve_mun": "101", "cvegeomun": "14101", "nom_mun": "Tonalá", "cve_loc": "0200", "cvegeoloc": "141010200", "nom_loc": "Los Prados", "clave_pueblo": 516, "nombre_pueblo": "Na savi/Ñuu Saavi/Mixteco", "pihogares": 5, "x_long": -103.2075517, "y_lat": 20.625515 }, "geometry": { "type": "MultiPoint", "coordinates": [ [ -103.207551667209003, 20.625514999947701 ] ] } },
{ "type": "Feature", "properties": { "g_id": 33571, "cve_ent": "14", "nom_ent": "Jalisco", "cve_mun": "101", "cvegeomun": "14101", "nom_mun": "Tonalá", "cve_loc": "0205", "cvegeoloc": "141010205", "nom_loc": "Loma Real [Fraccionamiento]", "clave_pueblo": 507, "nombre_pueblo": "Chinanteco", "pihogares": 3, "x_long": -103.1898236, "y_lat": 20.660815 }, "geometry": { "type": "MultiPoint", "coordinates": [ [ -103.189823611342803, 20.660814999662019 ] ] } },
{ "type": "Feature", "properties": { "g_id": 33770, "cve_ent": "14", "nom_ent": "Jalisco", "cve_mun": "120", "cvegeomun": "14120", "nom_mun": "Zapopan", "cve_loc": "0001", "cvegeoloc": "141200001", "nom_loc": "Zapopan", "clave_pueblo": 204, "nombre_pueblo": "Oʾdam/Tepehuano del sur", "pihogares": 12, "x_long": -103.3889878, "y_lat": 20.7209619 }, "geometry": { "type": "MultiPoint", "coordinates": [ [ -103.3889877777778, 20.72096194444444 ] ] } },
{ "type": "Feature", "properties": { "g_id": 33771, "cve_ent": "14", "nom_ent": "Jalisco", "cve_mun": "120", "cvegeomun": "14120", "nom_mun": "Zapopan", "cve_loc": "0001", "cvegeoloc": "141200001", "nom_loc": "Zapopan", "clave_pueblo": 205, "nombre_pueblo": "Rarámuri/Ralamuli/Tarahumara", "pihogares": 100, "x_long": -103.3889878, "y_lat": 20.7209619 }, "geometry": { "type": "MultiPoint", "coordinates": [ [ -103.3889877777778, 20.72096194444444 ] ] } },
{ "type": "Feature", "properties": { "g_id": 33772, "cve_ent": "14", "nom_ent": "Jalisco", "cve_mun": "120", "cvegeomun": "14120", "nom_mun": "Zapopan", "cve_loc": "0001", "cvegeoloc": "141200001", "nom_loc": "Zapopan", "clave_pueblo": 207, "nombre_pueblo": "Yoeme/Yaqui", "pihogares": 56, "x_long": -103.3889878, "y_lat": 20.7209619 }, "geometry": { "type": "MultiPoint", "coordinates": [ [ -103.3889877777778, 20.72096194444444 ] ] } },
{ "type": "Feature", "properties": { "g_id": 33773, "cve_ent": "14", "nom_ent": "Jalisco", "cve_mun": "120", "cvegeomun": "14120", "nom_mun": "Zapopan", "cve_loc": "0001", "cvegeoloc": "141200001", "nom_loc": "Zapopan", "clave_pueblo": 208, "nombre_pueblo": "Yoreme/Mayo", "pihogares": 32, "x_long": -103.3889878, "y_lat": 20.7209619 }, "geometry": { "type": "MultiPoint", "coordinates": [ [ -103.3889877777778, 20.72096194444444 ] ] } },
{ "type": "Feature", "properties": { "g_id": 33774, "cve_ent": "14", "nom_ent": "Jalisco", "cve_mun": "120", "cvegeomun": "14120", "nom_mun": "Zapopan", "cve_loc": "0001", "cvegeoloc": "141200001", "nom_loc": "Zapopan", "clave_pueblo": 209, "nombre_pueblo": "Náayari/Cora", "pihogares": 29, "x_long": -103.3889878, "y_lat": 20.7209619 }, "geometry": { "type": "MultiPoint", "coordinates": [ [ -103.3889877777778, 20.72096194444444 ] ] } },
{ "type": "Feature", "properties": { "g_id": 33775, "cve_ent": "14", "nom_ent": "Jalisco", "cve_mun": "120", "cvegeomun": "14120", "nom_mun": "Zapopan", "cve_loc": "0001", "cvegeoloc": "141200001", "nom_loc": "Zapopan", "clave_pueblo": 210, "nombre_pueblo": "Wixárika/Huichol", "pihogares": 492, "x_long": -103.3889878, "y_lat": 20.7209619 }, "geometry": { "type": "MultiPoint", "coordinates": [ [ -103.3889877777778, 20.72096194444444 ] ] } },
{ "type": "Feature", "properties": { "g_id": 33776, "cve_ent": "14", "nom_ent": "Jalisco", "cve_mun": "120", "cvegeomun": "14120", "nom_mun": "Zapopan", "cve_loc": "0001", "cvegeoloc": "141200001", "nom_loc": "Zapopan", "clave_pueblo": 211, "nombre_pueblo": "Náhuatl", "pihogares": 12509, "x_long": -103.3889878, "y_lat": 20.7209619 }, "geometry": { "type": "MultiPoint", "coordinates": [ [ -103.3889877777778, 20.72096194444444 ] ] } },
{ "type": "Feature", "properties": { "g_id": 33777, "cve_ent": "14", "nom_ent": "Jalisco", "cve_mun": "120", "cvegeomun": "14120", "nom_mun": "Zapopan", "cve_loc": "0001", "cvegeoloc": "141200001", "nom_loc": "Zapopan", "clave_pueblo": 401, "nombre_pueblo": "Concaac/Seri", "pihogares": 2, "x_long": -103.3889878, "y_lat": 20.7209619 }, "geometry": { "type": "MultiPoint", "coordinates": [ [ -103.3889877777778, 20.72096194444444 ] ] } },
{ "type": "Feature", "properties": { "g_id": 33778, "cve_ent": "14", "nom_ent": "Jalisco", "cve_mun": "120", "cvegeomun": "14120", "nom_mun": "Zapopan", "cve_loc": "0001", "cvegeoloc": "141200001", "nom_loc": "Zapopan", "clave_pueblo": 501, "nombre_pueblo": "Otomí", "pihogares": 455, "x_long": -103.3889878, "y_lat": 20.7209619 }, "geometry": { "type": "MultiPoint", "coordinates": [ [ -103.3889877777778, 20.72096194444444 ] ] } },
{ "type": "Feature", "properties": { "g_id": 33779, "cve_ent": "14", "nom_ent": "Jalisco", "cve_mun": "120", "cvegeomun": "14120", "nom_mun": "Zapopan", "cve_loc": "0001", "cvegeoloc": "141200001", "nom_loc": "Zapopan", "clave_pueblo": 502, "nombre_pueblo": "Jñatrjo/Mazahua", "pihogares": 815, "x_long": -103.3889878, "y_lat": 20.7209619 }, "geometry": { "type": "MultiPoint", "coordinates": [ [ -103.3889877777778, 20.72096194444444 ] ] } },
{ "type": "Feature", "properties": { "g_id": 33780, "cve_ent": "14", "nom_ent": "Jalisco", "cve_mun": "120", "cvegeomun": "14120", "nom_mun": "Zapopan", "cve_loc": "0001", "cvegeoloc": "141200001", "nom_loc": "Zapopan", "clave_pueblo": 505, "nombre_pueblo": "Xiʾui/Pame", "pihogares": 38, "x_long": -103.3889878, "y_lat": 20.7209619 }, "geometry": { "type": "MultiPoint", "coordinates": [ [ -103.3889877777778, 20.72096194444444 ] ] } },
{ "type": "Feature", "properties": { "g_id": 33781, "cve_ent": "14", "nom_ent": "Jalisco", "cve_mun": "120", "cvegeomun": "14120", "nom_mun": "Zapopan", "cve_loc": "0001", "cvegeoloc": "141200001", "nom_loc": "Zapopan", "clave_pueblo": 506, "nombre_pueblo": "Uzá/Chichimeco Jonaz", "pihogares": 3, "x_long": -103.3889878, "y_lat": 20.7209619 }, "geometry": { "type": "MultiPoint", "coordinates": [ [ -103.3889877777778, 20.72096194444444 ] ] } },
{ "type": "Feature", "properties": { "g_id": 33782, "cve_ent": "14", "nom_ent": "Jalisco", "cve_mun": "120", "cvegeomun": "14120", "nom_mun": "Zapopan", "cve_loc": "0001", "cvegeoloc": "141200001", "nom_loc": "Zapopan", "clave_pueblo": 507, "nombre_pueblo": "Chinanteco", "pihogares": 220, "x_long": -103.3889878, "y_lat": 20.7209619 }, "geometry": { "type": "MultiPoint", "coordinates": [ [ -103.3889877777778, 20.72096194444444 ] ] } },
{ "type": "Feature", "properties": { "g_id": 33783, "cve_ent": "14", "nom_ent": "Jalisco", "cve_mun": "120", "cvegeomun": "14120", "nom_mun": "Zapopan", "cve_loc": "0001", "cvegeoloc": "141200001", "nom_loc": "Zapopan", "clave_pueblo": 508, "nombre_pueblo": "Meʾphaa/Tlapaneco", "pihogares": 101, "x_long": -103.3889878, "y_lat": 20.7209619 }, "geometry": { "type": "MultiPoint", "coordinates": [ [ -103.3889877777778, 20.72096194444444 ] ] } },
{ "type": "Feature", "properties": { "g_id": 33784, "cve_ent": "14", "nom_ent": "Jalisco", "cve_mun": "120", "cvegeomun": "14120", "nom_mun": "Zapopan", "cve_loc": "0001", "cvegeoloc": "141200001", "nom_loc": "Zapopan", "clave_pueblo": 509, "nombre_pueblo": "Mazateco", "pihogares": 123, "x_long": -103.3889878, "y_lat": 20.7209619 }, "geometry": { "type": "MultiPoint", "coordinates": [ [ -103.3889877777778, 20.72096194444444 ] ] } },
{ "type": "Feature", "properties": { "g_id": 33785, "cve_ent": "14", "nom_ent": "Jalisco", "cve_mun": "120", "cvegeomun": "14120", "nom_mun": "Zapopan", "cve_loc": "0001", "cvegeoloc": "141200001", "nom_loc": "Zapopan", "clave_pueblo": 511, "nombre_pueblo": "Ngiwa/Chocholteco", "pihogares": 1, "x_long": -103.3889878, "y_lat": 20.7209619 }, "geometry": { "type": "MultiPoint", "coordinates": [ [ -103.3889877777778, 20.72096194444444 ] ] } },
{ "type": "Feature", "properties": { "g_id": 33786, "cve_ent": "14", "nom_ent": "Jalisco", "cve_mun": "120", "cvegeomun": "14120", "nom_mun": "Zapopan", "cve_loc": "0001", "cvegeoloc": "141200001", "nom_loc": "Zapopan", "clave_pueblo": 512, "nombre_pueblo": "Popoloca", "pihogares": 24, "x_long": -103.3889878, "y_lat": 20.7209619 }, "geometry": { "type": "MultiPoint", "coordinates": [ [ -103.3889877777778, 20.72096194444444 ] ] } },
{ "type": "Feature", "properties": { "g_id": 33787, "cve_ent": "14", "nom_ent": "Jalisco", "cve_mun": "120", "cvegeomun": "14120", "nom_mun": "Zapopan", "cve_loc": "0001", "cvegeoloc": "141200001", "nom_loc": "Zapopan", "clave_pueblo": 513, "nombre_pueblo": "Binnizá/Zapoteco", "pihogares": 1082, "x_long": -103.3889878, "y_lat": 20.7209619 }, "geometry": { "type": "MultiPoint", "coordinates": [ [ -103.3889877777778, 20.72096194444444 ] ] } },
{ "type": "Feature", "properties": { "g_id": 33788, "cve_ent": "14", "nom_ent": "Jalisco", "cve_mun": "120", "cvegeomun": "14120", "nom_mun": "Zapopan", "cve_loc": "0001", "cvegeoloc": "141200001", "nom_loc": "Zapopan", "clave_pueblo": 514, "nombre_pueblo": "Chatino", "pihogares": 187, "x_long": -103.3889878, "y_lat": 20.7209619 }, "geometry": { "type": "MultiPoint", "coordinates": [ [ -103.3889877777778, 20.72096194444444 ] ] } },
{ "type": "Feature", "properties": { "g_id": 33789, "cve_ent": "14", "nom_ent": "Jalisco", "cve_mun": "120", "cvegeomun": "14120", "nom_mun": "Zapopan", "cve_loc": "0001", "cvegeoloc": "141200001", "nom_loc": "Zapopan", "clave_pueblo": 515, "nombre_pueblo": "Nn'anncue/Amuzgo", "pihogares": 23, "x_long": -103.3889878, "y_lat": 20.7209619 }, "geometry": { "type": "MultiPoint", "coordinates": [ [ -103.3889877777778, 20.72096194444444 ] ] } },
{ "type": "Feature", "properties": { "g_id": 33790, "cve_ent": "14", "nom_ent": "Jalisco", "cve_mun": "120", "cvegeomun": "14120", "nom_mun": "Zapopan", "cve_loc": "0001", "cvegeoloc": "141200001", "nom_loc": "Zapopan", "clave_pueblo": 516, "nombre_pueblo": "Na savi/Ñuu Saavi/Mixteco", "pihogares": 1063, "x_long": -103.3889878, "y_lat": 20.7209619 }, "geometry": { "type": "MultiPoint", "coordinates": [ [ -103.3889877777778, 20.72096194444444 ] ] } },
{ "type": "Feature", "properties": { "g_id": 33791, "cve_ent": "14", "nom_ent": "Jalisco", "cve_mun": "120", "cvegeomun": "14120", "nom_mun": "Zapopan", "cve_loc": "0001", "cvegeoloc": "141200001", "nom_loc": "Zapopan", "clave_pueblo": 518, "nombre_pueblo": "Triqui", "pihogares": 7, "x_long": -103.3889878, "y_lat": 20.7209619 }, "geometry": { "type": "MultiPoint", "coordinates": [ [ -103.3889877777778, 20.72096194444444 ] ] } },
{ "type": "Feature", "properties": { "g_id": 33792, "cve_ent": "14", "nom_ent": "Jalisco", "cve_mun": "120", "cvegeomun": "14120", "nom_mun": "Zapopan", "cve_loc": "0001", "cvegeoloc": "141200001", "nom_loc": "Zapopan", "clave_pueblo": 601, "nombre_pueblo": "Teenek/Huasteco", "pihogares": 1127, "x_long": -103.3889878, "y_lat": 20.7209619 }, "geometry": { "type": "MultiPoint", "coordinates": [ [ -103.3889877777778, 20.72096194444444 ] ] } },
{ "type": "Feature", "properties": { "g_id": 33793, "cve_ent": "14", "nom_ent": "Jalisco", "cve_mun": "120", "cvegeomun": "14120", "nom_mun": "Zapopan", "cve_loc": "0001", "cvegeoloc": "141200001", "nom_loc": "Zapopan", "clave_pueblo": 602, "nombre_pueblo": "Mayaʾwiinik/Maya", "pihogares": 226, "x_long": -103.3889878, "y_lat": 20.7209619 }, "geometry": { "type": "MultiPoint", "coordinates": [ [ -103.3889877777778, 20.72096194444444 ] ] } },
{ "type": "Feature", "properties": { "g_id": 33794, "cve_ent": "14", "nom_ent": "Jalisco", "cve_mun": "120", "cvegeomun": "14120", "nom_mun": "Zapopan", "cve_loc": "0001", "cvegeoloc": "141200001", "nom_loc": "Zapopan", "clave_pueblo": 604, "nombre_pueblo": "Ch'ol", "pihogares": 37, "x_long": -103.3889878, "y_lat": 20.7209619 }, "geometry": { "type": "MultiPoint", "coordinates": [ [ -103.3889877777778, 20.72096194444444 ] ] } },
{ "type": "Feature", "properties": { "g_id": 33795, "cve_ent": "14", "nom_ent": "Jalisco", "cve_mun": "120", "cvegeomun": "14120", "nom_mun": "Zapopan", "cve_loc": "0001", "cvegeoloc": "141200001", "nom_loc": "Zapopan", "clave_pueblo": 605, "nombre_pueblo": "Yoko t'anob/Yoko tʾan/Chontal de Tabasco", "pihogares": 1, "x_long": -103.3889878, "y_lat": 20.7209619 }, "geometry": { "type": "MultiPoint", "coordinates": [ [ -103.3889877777778, 20.72096194444444 ] ] } },
{ "type": "Feature", "properties": { "g_id": 33796, "cve_ent": "14", "nom_ent": "Jalisco", "cve_mun": "120", "cvegeomun": "14120", "nom_mun": "Zapopan", "cve_loc": "0001", "cvegeoloc": "141200001", "nom_loc": "Zapopan", "clave_pueblo": 606, "nombre_pueblo": "Tseltal", "pihogares": 187, "x_long": -103.3889878, "y_lat": 20.7209619 }, "geometry": { "type": "MultiPoint", "coordinates": [ [ -103.3889877777778, 20.72096194444444 ] ] } },
{ "type": "Feature", "properties": { "g_id": 33797, "cve_ent": "14", "nom_ent": "Jalisco", "cve_mun": "120", "cvegeomun": "14120", "nom_mun": "Zapopan", "cve_loc": "0001", "cvegeoloc": "141200001", "nom_loc": "Zapopan", "clave_pueblo": 607, "nombre_pueblo": "Tsotsil", "pihogares": 144, "x_long": -103.3889878, "y_lat": 20.7209619 }, "geometry": { "type": "MultiPoint", "coordinates": [ [ -103.3889877777778, 20.72096194444444 ] ] } },
{ "type": "Feature", "properties": { "g_id": 33798, "cve_ent": "14", "nom_ent": "Jalisco", "cve_mun": "120", "cvegeomun": "14120", "nom_mun": "Zapopan", "cve_loc": "0001", "cvegeoloc": "141200001", "nom_loc": "Zapopan", "clave_pueblo": 608, "nombre_pueblo": "Q'anjob'al", "pihogares": 3, "x_long": -103.3889878, "y_lat": 20.7209619 }, "geometry": { "type": "MultiPoint", "coordinates": [ [ -103.3889877777778, 20.72096194444444 ] ] } },
{ "type": "Feature", "properties": { "g_id": 33799, "cve_ent": "14", "nom_ent": "Jalisco", "cve_mun": "120", "cvegeomun": "14120", "nom_mun": "Zapopan", "cve_loc": "0001", "cvegeoloc": "141200001", "nom_loc": "Zapopan", "clave_pueblo": 612, "nombre_pueblo": "Chuj", "pihogares": 1, "x_long": -103.3889878, "y_lat": 20.7209619 }, "geometry": { "type": "MultiPoint", "coordinates": [ [ -103.3889877777778, 20.72096194444444 ] ] } },
{ "type": "Feature", "properties": { "g_id": 33800, "cve_ent": "14", "nom_ent": "Jalisco", "cve_mun": "120", "cvegeomun": "14120", "nom_mun": "Zapopan", "cve_loc": "0001", "cvegeoloc": "141200001", "nom_loc": "Zapopan", "clave_pueblo": 616, "nombre_pueblo": "Kaqchikel", "pihogares": 3, "x_long": -103.3889878, "y_lat": 20.7209619 }, "geometry": { "type": "MultiPoint", "coordinates": [ [ -103.3889877777778, 20.72096194444444 ] ] } },
{ "type": "Feature", "properties": { "g_id": 33801, "cve_ent": "14", "nom_ent": "Jalisco", "cve_mun": "120", "cvegeomun": "14120", "nom_mun": "Zapopan", "cve_loc": "0001", "cvegeoloc": "141200001", "nom_loc": "Zapopan", "clave_pueblo": 617, "nombre_pueblo": "Teko", "pihogares": 1, "x_long": -103.3889878, "y_lat": 20.7209619 }, "geometry": { "type": "MultiPoint", "coordinates": [ [ -103.3889877777778, 20.72096194444444 ] ] } },
{ "type": "Feature", "properties": { "g_id": 33802, "cve_ent": "14", "nom_ent": "Jalisco", "cve_mun": "120", "cvegeomun": "14120", "nom_mun": "Zapopan", "cve_loc": "0001", "cvegeoloc": "141200001", "nom_loc": "Zapopan", "clave_pueblo": 618, "nombre_pueblo": "Winaq qo’/Mam", "pihogares": 8, "x_long": -103.3889878, "y_lat": 20.7209619 }, "geometry": { "type": "MultiPoint", "coordinates": [ [ -103.3889877777778, 20.72096194444444 ] ] } },
{ "type": "Feature", "properties": { "g_id": 33803, "cve_ent": "14", "nom_ent": "Jalisco", "cve_mun": "120", "cvegeomun": "14120", "nom_mun": "Zapopan", "cve_loc": "0001", "cvegeoloc": "141200001", "nom_loc": "Zapopan", "clave_pueblo": 701, "nombre_pueblo": "Totonaco", "pihogares": 410, "x_long": -103.3889878, "y_lat": 20.7209619 }, "geometry": { "type": "MultiPoint", "coordinates": [ [ -103.3889877777778, 20.72096194444444 ] ] } },
{ "type": "Feature", "properties": { "g_id": 33804, "cve_ent": "14", "nom_ent": "Jalisco", "cve_mun": "120", "cvegeomun": "14120", "nom_mun": "Zapopan", "cve_loc": "0001", "cvegeoloc": "141200001", "nom_loc": "Zapopan", "clave_pueblo": 702, "nombre_pueblo": "Tepehua", "pihogares": 27, "x_long": -103.3889878, "y_lat": 20.7209619 }, "geometry": { "type": "MultiPoint", "coordinates": [ [ -103.3889877777778, 20.72096194444444 ] ] } },
{ "type": "Feature", "properties": { "g_id": 33805, "cve_ent": "14", "nom_ent": "Jalisco", "cve_mun": "120", "cvegeomun": "14120", "nom_mun": "Zapopan", "cve_loc": "0001", "cvegeoloc": "141200001", "nom_loc": "Zapopan", "clave_pueblo": 801, "nombre_pueblo": "Purépecha/Pʾurhépecha/Pʾurhé/Tarasco", "pihogares": 3282, "x_long": -103.3889878, "y_lat": 20.7209619 }, "geometry": { "type": "MultiPoint", "coordinates": [ [ -103.3889877777778, 20.72096194444444 ] ] } },
{ "type": "Feature", "properties": { "g_id": 33806, "cve_ent": "14", "nom_ent": "Jalisco", "cve_mun": "120", "cvegeomun": "14120", "nom_mun": "Zapopan", "cve_loc": "0001", "cvegeoloc": "141200001", "nom_loc": "Zapopan", "clave_pueblo": 901, "nombre_pueblo": "Ayuuk/Ayook/Mixe", "pihogares": 254, "x_long": -103.3889878, "y_lat": 20.7209619 }, "geometry": { "type": "MultiPoint", "coordinates": [ [ -103.3889877777778, 20.72096194444444 ] ] } },
{ "type": "Feature", "properties": { "g_id": 33807, "cve_ent": "14", "nom_ent": "Jalisco", "cve_mun": "120", "cvegeomun": "14120", "nom_mun": "Zapopan", "cve_loc": "0001", "cvegeoloc": "141200001", "nom_loc": "Zapopan", "clave_pueblo": 907, "nombre_pueblo": "Zoque", "pihogares": 124, "x_long": -103.3889878, "y_lat": 20.7209619 }, "geometry": { "type": "MultiPoint", "coordinates": [ [ -103.3889877777778, 20.72096194444444 ] ] } },
{ "type": "Feature", "properties": { "g_id": 33808, "cve_ent": "14", "nom_ent": "Jalisco", "cve_mun": "120", "cvegeomun": "14120", "nom_mun": "Zapopan", "cve_loc": "0001", "cvegeoloc": "141200001", "nom_loc": "Zapopan", "clave_pueblo": 1001, "nombre_pueblo": "Chontal de Oaxaca", "pihogares": 2, "x_long": -103.3889878, "y_lat": 20.7209619 }, "geometry": { "type": "MultiPoint", "coordinates": [ [ -103.3889877777778, 20.72096194444444 ] ] } },
{ "type": "Feature", "properties": { "g_id": 33809, "cve_ent": "14", "nom_ent": "Jalisco", "cve_mun": "120", "cvegeomun": "14120", "nom_mun": "Zapopan", "cve_loc": "0001", "cvegeoloc": "141200001", "nom_loc": "Zapopan", "clave_pueblo": 1101, "nombre_pueblo": "Ikoots/Huave", "pihogares": 33, "x_long": -103.3889878, "y_lat": 20.7209619 }, "geometry": { "type": "MultiPoint", "coordinates": [ [ -103.3889877777778, 20.72096194444444 ] ] } },
{ "type": "Feature", "properties": { "g_id": 33810, "cve_ent": "14", "nom_ent": "Jalisco", "cve_mun": "120", "cvegeomun": "14120", "nom_mun": "Zapopan", "cve_loc": "0022", "cvegeoloc": "141200022", "nom_loc": "La Primavera", "clave_pueblo": 210, "nombre_pueblo": "Wixárika/Huichol", "pihogares": 3, "x_long": -103.5648556, "y_lat": 20.7230689 }, "geometry": { "type": "MultiPoint", "coordinates": [ [ -103.564855555786295, 20.72306888918607 ] ] } },
{ "type": "Feature", "properties": { "g_id": 33811, "cve_ent": "14", "nom_ent": "Jalisco", "cve_mun": "120", "cvegeomun": "14120", "nom_mun": "Zapopan", "cve_loc": "0022", "cvegeoloc": "141200022", "nom_loc": "La Primavera", "clave_pueblo": 211, "nombre_pueblo": "Náhuatl", "pihogares": 9, "x_long": -103.5648556, "y_lat": 20.7230689 }, "geometry": { "type": "MultiPoint", "coordinates": [ [ -103.564855555786295, 20.72306888918607 ] ] } },
{ "type": "Feature", "properties": { "g_id": 33812, "cve_ent": "14", "nom_ent": "Jalisco", "cve_mun": "120", "cvegeomun": "14120", "nom_mun": "Zapopan", "cve_loc": "0022", "cvegeoloc": "141200022", "nom_loc": "La Primavera", "clave_pueblo": 801, "nombre_pueblo": "Purépecha/Pʾurhépecha/Pʾurhé/Tarasco", "pihogares": 4, "x_long": -103.5648556, "y_lat": 20.7230689 }, "geometry": { "type": "MultiPoint", "coordinates": [ [ -103.564855555786295, 20.72306888918607 ] ] } },
{ "type": "Feature", "properties": { "g_id": 33813, "cve_ent": "14", "nom_ent": "Jalisco", "cve_mun": "120", "cvegeomun": "14120", "nom_mun": "Zapopan", "cve_loc": "0056", "cvegeoloc": "141200056", "nom_loc": "Cópala", "clave_pueblo": 210, "nombre_pueblo": "Wixárika/Huichol", "pihogares": 8, "x_long": -103.4114253, "y_lat": 20.8361664 }, "geometry": { "type": "MultiPoint", "coordinates": [ [ -103.411425277912798, 20.836166388601139 ] ] } },
{ "type": "Feature", "properties": { "g_id": 33814, "cve_ent": "14", "nom_ent": "Jalisco", "cve_mun": "120", "cvegeomun": "14120", "nom_mun": "Zapopan", "cve_loc": "0062", "cvegeoloc": "141200062", "nom_loc": "La Cuchilla (Extramuros de Tesistán)", "clave_pueblo": 210, "nombre_pueblo": "Wixárika/Huichol", "pihogares": 72, "x_long": -103.4653947, "y_lat": 20.7754789 }, "geometry": { "type": "MultiPoint", "coordinates": [ [ -103.4653947222222, 20.775478888888891 ] ] } },
{ "type": "Feature", "properties": { "g_id": 33815, "cve_ent": "14", "nom_ent": "Jalisco", "cve_mun": "120", "cvegeomun": "14120", "nom_mun": "Zapopan", "cve_loc": "0062", "cvegeoloc": "141200062", "nom_loc": "La Cuchilla (Extramuros de Tesistán)", "clave_pueblo": 211, "nombre_pueblo": "Náhuatl", "pihogares": 177, "x_long": -103.4653947, "y_lat": 20.7754789 }, "geometry": { "type": "MultiPoint", "coordinates": [ [ -103.4653947222222, 20.775478888888891 ] ] } },
{ "type": "Feature", "properties": { "g_id": 33816, "cve_ent": "14", "nom_ent": "Jalisco", "cve_mun": "120", "cvegeomun": "14120", "nom_mun": "Zapopan", "cve_loc": "0062", "cvegeoloc": "141200062", "nom_loc": "La Cuchilla (Extramuros de Tesistán)", "clave_pueblo": 501, "nombre_pueblo": "Otomí", "pihogares": 15, "x_long": -103.4653947, "y_lat": 20.7754789 }, "geometry": { "type": "MultiPoint", "coordinates": [ [ -103.4653947222222, 20.775478888888891 ] ] } },
{ "type": "Feature", "properties": { "g_id": 33817, "cve_ent": "14", "nom_ent": "Jalisco", "cve_mun": "120", "cvegeomun": "14120", "nom_mun": "Zapopan", "cve_loc": "0062", "cvegeoloc": "141200062", "nom_loc": "La Cuchilla (Extramuros de Tesistán)", "clave_pueblo": 502, "nombre_pueblo": "Jñatrjo/Mazahua", "pihogares": 2, "x_long": -103.4653947, "y_lat": 20.7754789 }, "geometry": { "type": "MultiPoint", "coordinates": [ [ -103.4653947222222, 20.775478888888891 ] ] } },
{ "type": "Feature", "properties": { "g_id": 33818, "cve_ent": "14", "nom_ent": "Jalisco", "cve_mun": "120", "cvegeomun": "14120", "nom_mun": "Zapopan", "cve_loc": "0062", "cvegeoloc": "141200062", "nom_loc": "La Cuchilla (Extramuros de Tesistán)", "clave_pueblo": 507, "nombre_pueblo": "Chinanteco", "pihogares": 4, "x_long": -103.4653947, "y_lat": 20.7754789 }, "geometry": { "type": "MultiPoint", "coordinates": [ [ -103.4653947222222, 20.775478888888891 ] ] } },
{ "type": "Feature", "properties": { "g_id": 33819, "cve_ent": "14", "nom_ent": "Jalisco", "cve_mun": "120", "cvegeomun": "14120", "nom_mun": "Zapopan", "cve_loc": "0062", "cvegeoloc": "141200062", "nom_loc": "La Cuchilla (Extramuros de Tesistán)", "clave_pueblo": 508, "nombre_pueblo": "Meʾphaa/Tlapaneco", "pihogares": 3, "x_long": -103.4653947, "y_lat": 20.7754789 }, "geometry": { "type": "MultiPoint", "coordinates": [ [ -103.4653947222222, 20.775478888888891 ] ] } },
{ "type": "Feature", "properties": { "g_id": 33820, "cve_ent": "14", "nom_ent": "Jalisco", "cve_mun": "120", "cvegeomun": "14120", "nom_mun": "Zapopan", "cve_loc": "0062", "cvegeoloc": "141200062", "nom_loc": "La Cuchilla (Extramuros de Tesistán)", "clave_pueblo": 509, "nombre_pueblo": "Mazateco", "pihogares": 12, "x_long": -103.4653947, "y_lat": 20.7754789 }, "geometry": { "type": "MultiPoint", "coordinates": [ [ -103.4653947222222, 20.775478888888891 ] ] } },
{ "type": "Feature", "properties": { "g_id": 33821, "cve_ent": "14", "nom_ent": "Jalisco", "cve_mun": "120", "cvegeomun": "14120", "nom_mun": "Zapopan", "cve_loc": "0062", "cvegeoloc": "141200062", "nom_loc": "La Cuchilla (Extramuros de Tesistán)", "clave_pueblo": 513, "nombre_pueblo": "Binnizá/Zapoteco", "pihogares": 12, "x_long": -103.4653947, "y_lat": 20.7754789 }, "geometry": { "type": "MultiPoint", "coordinates": [ [ -103.4653947222222, 20.775478888888891 ] ] } },
{ "type": "Feature", "properties": { "g_id": 33822, "cve_ent": "14", "nom_ent": "Jalisco", "cve_mun": "120", "cvegeomun": "14120", "nom_mun": "Zapopan", "cve_loc": "0062", "cvegeoloc": "141200062", "nom_loc": "La Cuchilla (Extramuros de Tesistán)", "clave_pueblo": 514, "nombre_pueblo": "Chatino", "pihogares": 7, "x_long": -103.4653947, "y_lat": 20.7754789 }, "geometry": { "type": "MultiPoint", "coordinates": [ [ -103.4653947222222, 20.775478888888891 ] ] } },
{ "type": "Feature", "properties": { "g_id": 33823, "cve_ent": "14", "nom_ent": "Jalisco", "cve_mun": "120", "cvegeomun": "14120", "nom_mun": "Zapopan", "cve_loc": "0062", "cvegeoloc": "141200062", "nom_loc": "La Cuchilla (Extramuros de Tesistán)", "clave_pueblo": 516, "nombre_pueblo": "Na savi/Ñuu Saavi/Mixteco", "pihogares": 36, "x_long": -103.4653947, "y_lat": 20.7754789 }, "geometry": { "type": "MultiPoint", "coordinates": [ [ -103.4653947222222, 20.775478888888891 ] ] } },
{ "type": "Feature", "properties": { "g_id": 33824, "cve_ent": "14", "nom_ent": "Jalisco", "cve_mun": "120", "cvegeomun": "14120", "nom_mun": "Zapopan", "cve_loc": "0062", "cvegeoloc": "141200062", "nom_loc": "La Cuchilla (Extramuros de Tesistán)", "clave_pueblo": 601, "nombre_pueblo": "Teenek/Huasteco", "pihogares": 15, "x_long": -103.4653947, "y_lat": 20.7754789 }, "geometry": { "type": "MultiPoint", "coordinates": [ [ -103.4653947222222, 20.775478888888891 ] ] } },
{ "type": "Feature", "properties": { "g_id": 33825, "cve_ent": "14", "nom_ent": "Jalisco", "cve_mun": "120", "cvegeomun": "14120", "nom_mun": "Zapopan", "cve_loc": "0062", "cvegeoloc": "141200062", "nom_loc": "La Cuchilla (Extramuros de Tesistán)", "clave_pueblo": 602, "nombre_pueblo": "Mayaʾwiinik/Maya", "pihogares": 13, "x_long": -103.4653947, "y_lat": 20.7754789 }, "geometry": { "type": "MultiPoint", "coordinates": [ [ -103.4653947222222, 20.775478888888891 ] ] } },
{ "type": "Feature", "properties": { "g_id": 33826, "cve_ent": "14", "nom_ent": "Jalisco", "cve_mun": "120", "cvegeomun": "14120", "nom_mun": "Zapopan", "cve_loc": "0062", "cvegeoloc": "141200062", "nom_loc": "La Cuchilla (Extramuros de Tesistán)", "clave_pueblo": 604, "nombre_pueblo": "Ch'ol", "pihogares": 2, "x_long": -103.4653947, "y_lat": 20.7754789 }, "geometry": { "type": "MultiPoint", "coordinates": [ [ -103.4653947222222, 20.775478888888891 ] ] } },
{ "type": "Feature", "properties": { "g_id": 33827, "cve_ent": "14", "nom_ent": "Jalisco", "cve_mun": "120", "cvegeomun": "14120", "nom_mun": "Zapopan", "cve_loc": "0062", "cvegeoloc": "141200062", "nom_loc": "La Cuchilla (Extramuros de Tesistán)", "clave_pueblo": 606, "nombre_pueblo": "Tseltal", "pihogares": 6, "x_long": -103.4653947, "y_lat": 20.7754789 }, "geometry": { "type": "MultiPoint", "coordinates": [ [ -103.4653947222222, 20.775478888888891 ] ] } },
{ "type": "Feature", "properties": { "g_id": 33828, "cve_ent": "14", "nom_ent": "Jalisco", "cve_mun": "120", "cvegeomun": "14120", "nom_mun": "Zapopan", "cve_loc": "0062", "cvegeoloc": "141200062", "nom_loc": "La Cuchilla (Extramuros de Tesistán)", "clave_pueblo": 607, "nombre_pueblo": "Tsotsil", "pihogares": 1, "x_long": -103.4653947, "y_lat": 20.7754789 }, "geometry": { "type": "MultiPoint", "coordinates": [ [ -103.4653947222222, 20.775478888888891 ] ] } },
{ "type": "Feature", "properties": { "g_id": 33829, "cve_ent": "14", "nom_ent": "Jalisco", "cve_mun": "120", "cvegeomun": "14120", "nom_mun": "Zapopan", "cve_loc": "0062", "cvegeoloc": "141200062", "nom_loc": "La Cuchilla (Extramuros de Tesistán)", "clave_pueblo": 701, "nombre_pueblo": "Totonaco", "pihogares": 6, "x_long": -103.4653947, "y_lat": 20.7754789 }, "geometry": { "type": "MultiPoint", "coordinates": [ [ -103.4653947222222, 20.775478888888891 ] ] } },
{ "type": "Feature", "properties": { "g_id": 33830, "cve_ent": "14", "nom_ent": "Jalisco", "cve_mun": "120", "cvegeomun": "14120", "nom_mun": "Zapopan", "cve_loc": "0062", "cvegeoloc": "141200062", "nom_loc": "La Cuchilla (Extramuros de Tesistán)", "clave_pueblo": 801, "nombre_pueblo": "Purépecha/Pʾurhépecha/Pʾurhé/Tarasco", "pihogares": 21, "x_long": -103.4653947, "y_lat": 20.7754789 }, "geometry": { "type": "MultiPoint", "coordinates": [ [ -103.4653947222222, 20.775478888888891 ] ] } },
{ "type": "Feature", "properties": { "g_id": 33831, "cve_ent": "14", "nom_ent": "Jalisco", "cve_mun": "120", "cvegeomun": "14120", "nom_mun": "Zapopan", "cve_loc": "0062", "cvegeoloc": "141200062", "nom_loc": "La Cuchilla (Extramuros de Tesistán)", "clave_pueblo": 901, "nombre_pueblo": "Ayuuk/Ayook/Mixe", "pihogares": 13, "x_long": -103.4653947, "y_lat": 20.7754789 }, "geometry": { "type": "MultiPoint", "coordinates": [ [ -103.4653947222222, 20.775478888888891 ] ] } },
{ "type": "Feature", "properties": { "g_id": 33832, "cve_ent": "14", "nom_ent": "Jalisco", "cve_mun": "120", "cvegeomun": "14120", "nom_mun": "Zapopan", "cve_loc": "0099", "cvegeoloc": "141200099", "nom_loc": "San Francisco de Ixcatán", "clave_pueblo": 602, "nombre_pueblo": "Mayaʾwiinik/Maya", "pihogares": 1, "x_long": -103.3414525, "y_lat": 20.8609714 }, "geometry": { "type": "MultiPoint", "coordinates": [ [ -103.341452499595903, 20.860971389294839 ] ] } },
{ "type": "Feature", "properties": { "g_id": 33833, "cve_ent": "14", "nom_ent": "Jalisco", "cve_mun": "120", "cvegeomun": "14120", "nom_mun": "Zapopan", "cve_loc": "0099", "cvegeoloc": "141200099", "nom_loc": "San Francisco de Ixcatán", "clave_pueblo": 801, "nombre_pueblo": "Purépecha/Pʾurhépecha/Pʾurhé/Tarasco", "pihogares": 4, "x_long": -103.3414525, "y_lat": 20.8609714 }, "geometry": { "type": "MultiPoint", "coordinates": [ [ -103.341452499595903, 20.860971389294839 ] ] } },
{ "type": "Feature", "properties": { "g_id": 33834, "cve_ent": "14", "nom_ent": "Jalisco", "cve_mun": "120", "cvegeomun": "14120", "nom_mun": "Zapopan", "cve_loc": "0124", "cvegeoloc": "141200124", "nom_loc": "El Martel", "clave_pueblo": 211, "nombre_pueblo": "Náhuatl", "pihogares": 9, "x_long": -103.4351544, "y_lat": 20.8425672 }, "geometry": { "type": "MultiPoint", "coordinates": [ [ -103.435154443721203, 20.84256722222316 ] ] } },
{ "type": "Feature", "properties": { "g_id": 33835, "cve_ent": "14", "nom_ent": "Jalisco", "cve_mun": "120", "cvegeomun": "14120", "nom_mun": "Zapopan", "cve_loc": "0129", "cvegeoloc": "141200129", "nom_loc": "El Mesón de Cópala", "clave_pueblo": 211, "nombre_pueblo": "Náhuatl", "pihogares": 5, "x_long": -103.4256719, "y_lat": 20.8370808 }, "geometry": { "type": "MultiPoint", "coordinates": [ [ -103.425671944478097, 20.837080833247921 ] ] } },
{ "type": "Feature", "properties": { "g_id": 33836, "cve_ent": "14", "nom_ent": "Jalisco", "cve_mun": "120", "cvegeomun": "14120", "nom_mun": "Zapopan", "cve_loc": "0129", "cvegeoloc": "141200129", "nom_loc": "El Mesón de Cópala", "clave_pueblo": 606, "nombre_pueblo": "Tseltal", "pihogares": 2, "x_long": -103.4256719, "y_lat": 20.8370808 }, "geometry": { "type": "MultiPoint", "coordinates": [ [ -103.425671944478097, 20.837080833247921 ] ] } },
{ "type": "Feature", "properties": { "g_id": 33837, "cve_ent": "14", "nom_ent": "Jalisco", "cve_mun": "120", "cvegeomun": "14120", "nom_mun": "Zapopan", "cve_loc": "0129", "cvegeoloc": "141200129", "nom_loc": "El Mesón de Cópala", "clave_pueblo": 901, "nombre_pueblo": "Ayuuk/Ayook/Mixe", "pihogares": 9, "x_long": -103.4256719, "y_lat": 20.8370808 }, "geometry": { "type": "MultiPoint", "coordinates": [ [ -103.425671944478097, 20.837080833247921 ] ] } },
{ "type": "Feature", "properties": { "g_id": 33838, "cve_ent": "14", "nom_ent": "Jalisco", "cve_mun": "120", "cvegeomun": "14120", "nom_mun": "Zapopan", "cve_loc": "0134", "cvegeoloc": "141200134", "nom_loc": "La Mojonera", "clave_pueblo": 209, "nombre_pueblo": "Náayari/Cora", "pihogares": 1, "x_long": -103.4712167, "y_lat": 20.7416919 }, "geometry": { "type": "MultiPoint", "coordinates": [ [ -103.471216667157194, 20.741691944236891 ] ] } },
{ "type": "Feature", "properties": { "g_id": 33839, "cve_ent": "14", "nom_ent": "Jalisco", "cve_mun": "120", "cvegeomun": "14120", "nom_mun": "Zapopan", "cve_loc": "0134", "cvegeoloc": "141200134", "nom_loc": "La Mojonera", "clave_pueblo": 210, "nombre_pueblo": "Wixárika/Huichol", "pihogares": 4, "x_long": -103.4712167, "y_lat": 20.7416919 }, "geometry": { "type": "MultiPoint", "coordinates": [ [ -103.471216667157194, 20.741691944236891 ] ] } },
{ "type": "Feature", "properties": { "g_id": 33840, "cve_ent": "14", "nom_ent": "Jalisco", "cve_mun": "120", "cvegeomun": "14120", "nom_mun": "Zapopan", "cve_loc": "0134", "cvegeoloc": "141200134", "nom_loc": "La Mojonera", "clave_pueblo": 211, "nombre_pueblo": "Náhuatl", "pihogares": 11, "x_long": -103.4712167, "y_lat": 20.7416919 }, "geometry": { "type": "MultiPoint", "coordinates": [ [ -103.471216667157194, 20.741691944236891 ] ] } },
{ "type": "Feature", "properties": { "g_id": 33841, "cve_ent": "14", "nom_ent": "Jalisco", "cve_mun": "120", "cvegeomun": "14120", "nom_mun": "Zapopan", "cve_loc": "0134", "cvegeoloc": "141200134", "nom_loc": "La Mojonera", "clave_pueblo": 508, "nombre_pueblo": "Meʾphaa/Tlapaneco", "pihogares": 1, "x_long": -103.4712167, "y_lat": 20.7416919 }, "geometry": { "type": "MultiPoint", "coordinates": [ [ -103.471216667157194, 20.741691944236891 ] ] } },
{ "type": "Feature", "properties": { "g_id": 33842, "cve_ent": "14", "nom_ent": "Jalisco", "cve_mun": "120", "cvegeomun": "14120", "nom_mun": "Zapopan", "cve_loc": "0134", "cvegeoloc": "141200134", "nom_loc": "La Mojonera", "clave_pueblo": 513, "nombre_pueblo": "Binnizá/Zapoteco", "pihogares": 4, "x_long": -103.4712167, "y_lat": 20.7416919 }, "geometry": { "type": "MultiPoint", "coordinates": [ [ -103.471216667157194, 20.741691944236891 ] ] } },
{ "type": "Feature", "properties": { "g_id": 33843, "cve_ent": "14", "nom_ent": "Jalisco", "cve_mun": "120", "cvegeomun": "14120", "nom_mun": "Zapopan", "cve_loc": "0134", "cvegeoloc": "141200134", "nom_loc": "La Mojonera", "clave_pueblo": 516, "nombre_pueblo": "Na savi/Ñuu Saavi/Mixteco", "pihogares": 4, "x_long": -103.4712167, "y_lat": 20.7416919 }, "geometry": { "type": "MultiPoint", "coordinates": [ [ -103.471216667157194, 20.741691944236891 ] ] } },
{ "type": "Feature", "properties": { "g_id": 33844, "cve_ent": "14", "nom_ent": "Jalisco", "cve_mun": "120", "cvegeomun": "14120", "nom_mun": "Zapopan", "cve_loc": "0134", "cvegeoloc": "141200134", "nom_loc": "La Mojonera", "clave_pueblo": 602, "nombre_pueblo": "Mayaʾwiinik/Maya", "pihogares": 1, "x_long": -103.4712167, "y_lat": 20.7416919 }, "geometry": { "type": "MultiPoint", "coordinates": [ [ -103.471216667157194, 20.741691944236891 ] ] } },
{ "type": "Feature", "properties": { "g_id": 33845, "cve_ent": "14", "nom_ent": "Jalisco", "cve_mun": "120", "cvegeomun": "14120", "nom_mun": "Zapopan", "cve_loc": "0134", "cvegeoloc": "141200134", "nom_loc": "La Mojonera", "clave_pueblo": 606, "nombre_pueblo": "Tseltal", "pihogares": 1, "x_long": -103.4712167, "y_lat": 20.7416919 }, "geometry": { "type": "MultiPoint", "coordinates": [ [ -103.471216667157194, 20.741691944236891 ] ] } },
{ "type": "Feature", "properties": { "g_id": 33846, "cve_ent": "14", "nom_ent": "Jalisco", "cve_mun": "120", "cvegeomun": "14120", "nom_mun": "Zapopan", "cve_loc": "0134", "cvegeoloc": "141200134", "nom_loc": "La Mojonera", "clave_pueblo": 702, "nombre_pueblo": "Tepehua", "pihogares": 1, "x_long": -103.4712167, "y_lat": 20.7416919 }, "geometry": { "type": "MultiPoint", "coordinates": [ [ -103.471216667157194, 20.741691944236891 ] ] } },
{ "type": "Feature", "properties": { "g_id": 33847, "cve_ent": "14", "nom_ent": "Jalisco", "cve_mun": "120", "cvegeomun": "14120", "nom_mun": "Zapopan", "cve_loc": "0134", "cvegeoloc": "141200134", "nom_loc": "La Mojonera", "clave_pueblo": 901, "nombre_pueblo": "Ayuuk/Ayook/Mixe", "pihogares": 6, "x_long": -103.4712167, "y_lat": 20.7416919 }, "geometry": { "type": "MultiPoint", "coordinates": [ [ -103.471216667157194, 20.741691944236891 ] ] } },
{ "type": "Feature", "properties": { "g_id": 33848, "cve_ent": "14", "nom_ent": "Jalisco", "cve_mun": "120", "cvegeomun": "14120", "nom_mun": "Zapopan", "cve_loc": "0134", "cvegeoloc": "141200134", "nom_loc": "La Mojonera", "clave_pueblo": 907, "nombre_pueblo": "Zoque", "pihogares": 2, "x_long": -103.4712167, "y_lat": 20.7416919 }, "geometry": { "type": "MultiPoint", "coordinates": [ [ -103.471216667157194, 20.741691944236891 ] ] } },
{ "type": "Feature", "properties": { "g_id": 33849, "cve_ent": "14", "nom_ent": "Jalisco", "cve_mun": "120", "cvegeomun": "14120", "nom_mun": "Zapopan", "cve_loc": "0134", "cvegeoloc": "141200134", "nom_loc": "La Mojonera", "clave_pueblo": 1101, "nombre_pueblo": "Ikoots/Huave", "pihogares": 1, "x_long": -103.4712167, "y_lat": 20.7416919 }, "geometry": { "type": "MultiPoint", "coordinates": [ [ -103.471216667157194, 20.741691944236891 ] ] } },
{ "type": "Feature", "properties": { "g_id": 33850, "cve_ent": "14", "nom_ent": "Jalisco", "cve_mun": "120", "cvegeomun": "14120", "nom_mun": "Zapopan", "cve_loc": "0139", "cvegeoloc": "141200139", "nom_loc": "Nextipac", "clave_pueblo": 211, "nombre_pueblo": "Náhuatl", "pihogares": 192, "x_long": -103.5258333, "y_lat": 20.7672222 }, "geometry": { "type": "MultiPoint", "coordinates": [ [ -103.525833333333296, 20.76722222222222 ] ] } },
{ "type": "Feature", "properties": { "g_id": 33851, "cve_ent": "14", "nom_ent": "Jalisco", "cve_mun": "120", "cvegeomun": "14120", "nom_mun": "Zapopan", "cve_loc": "0139", "cvegeoloc": "141200139", "nom_loc": "Nextipac", "clave_pueblo": 513, "nombre_pueblo": "Binnizá/Zapoteco", "pihogares": 12, "x_long": -103.5258333, "y_lat": 20.7672222 }, "geometry": { "type": "MultiPoint", "coordinates": [ [ -103.525833333333296, 20.76722222222222 ] ] } },
{ "type": "Feature", "properties": { "g_id": 33852, "cve_ent": "14", "nom_ent": "Jalisco", "cve_mun": "120", "cvegeomun": "14120", "nom_mun": "Zapopan", "cve_loc": "0139", "cvegeoloc": "141200139", "nom_loc": "Nextipac", "clave_pueblo": 516, "nombre_pueblo": "Na savi/Ñuu Saavi/Mixteco", "pihogares": 4, "x_long": -103.5258333, "y_lat": 20.7672222 }, "geometry": { "type": "MultiPoint", "coordinates": [ [ -103.525833333333296, 20.76722222222222 ] ] } },
{ "type": "Feature", "properties": { "g_id": 33853, "cve_ent": "14", "nom_ent": "Jalisco", "cve_mun": "120", "cvegeomun": "14120", "nom_mun": "Zapopan", "cve_loc": "0139", "cvegeoloc": "141200139", "nom_loc": "Nextipac", "clave_pueblo": 601, "nombre_pueblo": "Teenek/Huasteco", "pihogares": 4, "x_long": -103.5258333, "y_lat": 20.7672222 }, "geometry": { "type": "MultiPoint", "coordinates": [ [ -103.525833333333296, 20.76722222222222 ] ] } },
{ "type": "Feature", "properties": { "g_id": 33854, "cve_ent": "14", "nom_ent": "Jalisco", "cve_mun": "120", "cvegeomun": "14120", "nom_mun": "Zapopan", "cve_loc": "0139", "cvegeoloc": "141200139", "nom_loc": "Nextipac", "clave_pueblo": 701, "nombre_pueblo": "Totonaco", "pihogares": 4, "x_long": -103.5258333, "y_lat": 20.7672222 }, "geometry": { "type": "MultiPoint", "coordinates": [ [ -103.525833333333296, 20.76722222222222 ] ] } },
{ "type": "Feature", "properties": { "g_id": 33855, "cve_ent": "14", "nom_ent": "Jalisco", "cve_mun": "120", "cvegeomun": "14120", "nom_mun": "Zapopan", "cve_loc": "0139", "cvegeoloc": "141200139", "nom_loc": "Nextipac", "clave_pueblo": 801, "nombre_pueblo": "Purépecha/Pʾurhépecha/Pʾurhé/Tarasco", "pihogares": 6, "x_long": -103.5258333, "y_lat": 20.7672222 }, "geometry": { "type": "MultiPoint", "coordinates": [ [ -103.525833333333296, 20.76722222222222 ] ] } },
{ "type": "Feature", "properties": { "g_id": 33856, "cve_ent": "14", "nom_ent": "Jalisco", "cve_mun": "120", "cvegeomun": "14120", "nom_mun": "Zapopan", "cve_loc": "0213", "cvegeoloc": "141200213", "nom_loc": "San Lorenzo", "clave_pueblo": 210, "nombre_pueblo": "Wixárika/Huichol", "pihogares": 6, "x_long": -103.3958025, "y_lat": 20.9504478 }, "geometry": { "type": "MultiPoint", "coordinates": [ [ -103.395802499753799, 20.950447777807049 ] ] } },
{ "type": "Feature", "properties": { "g_id": 33857, "cve_ent": "14", "nom_ent": "Jalisco", "cve_mun": "120", "cvegeomun": "14120", "nom_mun": "Zapopan", "cve_loc": "0231", "cvegeoloc": "141200231", "nom_loc": "Tesistán (San Francisco Tesistán)", "clave_pueblo": 205, "nombre_pueblo": "Rarámuri/Ralamuli/Tarahumara", "pihogares": 6, "x_long": -103.4861111, "y_lat": 20.7983333 }, "geometry": { "type": "MultiPoint", "coordinates": [ [ -103.4861111111111, 20.798333333333328 ] ] } },
{ "type": "Feature", "properties": { "g_id": 33858, "cve_ent": "14", "nom_ent": "Jalisco", "cve_mun": "120", "cvegeomun": "14120", "nom_mun": "Zapopan", "cve_loc": "0231", "cvegeoloc": "141200231", "nom_loc": "Tesistán (San Francisco Tesistán)", "clave_pueblo": 207, "nombre_pueblo": "Yoeme/Yaqui", "pihogares": 4, "x_long": -103.4861111, "y_lat": 20.7983333 }, "geometry": { "type": "MultiPoint", "coordinates": [ [ -103.4861111111111, 20.798333333333328 ] ] } },
{ "type": "Feature", "properties": { "g_id": 33859, "cve_ent": "14", "nom_ent": "Jalisco", "cve_mun": "120", "cvegeomun": "14120", "nom_mun": "Zapopan", "cve_loc": "0231", "cvegeoloc": "141200231", "nom_loc": "Tesistán (San Francisco Tesistán)", "clave_pueblo": 209, "nombre_pueblo": "Náayari/Cora", "pihogares": 8, "x_long": -103.4861111, "y_lat": 20.7983333 }, "geometry": { "type": "MultiPoint", "coordinates": [ [ -103.4861111111111, 20.798333333333328 ] ] } },
{ "type": "Feature", "properties": { "g_id": 33860, "cve_ent": "14", "nom_ent": "Jalisco", "cve_mun": "120", "cvegeomun": "14120", "nom_mun": "Zapopan", "cve_loc": "0231", "cvegeoloc": "141200231", "nom_loc": "Tesistán (San Francisco Tesistán)", "clave_pueblo": 210, "nombre_pueblo": "Wixárika/Huichol", "pihogares": 223, "x_long": -103.4861111, "y_lat": 20.7983333 }, "geometry": { "type": "MultiPoint", "coordinates": [ [ -103.4861111111111, 20.798333333333328 ] ] } },
{ "type": "Feature", "properties": { "g_id": 33861, "cve_ent": "14", "nom_ent": "Jalisco", "cve_mun": "120", "cvegeomun": "14120", "nom_mun": "Zapopan", "cve_loc": "0231", "cvegeoloc": "141200231", "nom_loc": "Tesistán (San Francisco Tesistán)", "clave_pueblo": 211, "nombre_pueblo": "Náhuatl", "pihogares": 627, "x_long": -103.4861111, "y_lat": 20.7983333 }, "geometry": { "type": "MultiPoint", "coordinates": [ [ -103.4861111111111, 20.798333333333328 ] ] } },
{ "type": "Feature", "properties": { "g_id": 33862, "cve_ent": "14", "nom_ent": "Jalisco", "cve_mun": "120", "cvegeomun": "14120", "nom_mun": "Zapopan", "cve_loc": "0231", "cvegeoloc": "141200231", "nom_loc": "Tesistán (San Francisco Tesistán)", "clave_pueblo": 501, "nombre_pueblo": "Otomí", "pihogares": 21, "x_long": -103.4861111, "y_lat": 20.7983333 }, "geometry": { "type": "MultiPoint", "coordinates": [ [ -103.4861111111111, 20.798333333333328 ] ] } },
{ "type": "Feature", "properties": { "g_id": 33863, "cve_ent": "14", "nom_ent": "Jalisco", "cve_mun": "120", "cvegeomun": "14120", "nom_mun": "Zapopan", "cve_loc": "0231", "cvegeoloc": "141200231", "nom_loc": "Tesistán (San Francisco Tesistán)", "clave_pueblo": 502, "nombre_pueblo": "Jñatrjo/Mazahua", "pihogares": 57, "x_long": -103.4861111, "y_lat": 20.7983333 }, "geometry": { "type": "MultiPoint", "coordinates": [ [ -103.4861111111111, 20.798333333333328 ] ] } },
{ "type": "Feature", "properties": { "g_id": 33864, "cve_ent": "14", "nom_ent": "Jalisco", "cve_mun": "120", "cvegeomun": "14120", "nom_mun": "Zapopan", "cve_loc": "0231", "cvegeoloc": "141200231", "nom_loc": "Tesistán (San Francisco Tesistán)", "clave_pueblo": 507, "nombre_pueblo": "Chinanteco", "pihogares": 16, "x_long": -103.4861111, "y_lat": 20.7983333 }, "geometry": { "type": "MultiPoint", "coordinates": [ [ -103.4861111111111, 20.798333333333328 ] ] } },
{ "type": "Feature", "properties": { "g_id": 33865, "cve_ent": "14", "nom_ent": "Jalisco", "cve_mun": "120", "cvegeomun": "14120", "nom_mun": "Zapopan", "cve_loc": "0231", "cvegeoloc": "141200231", "nom_loc": "Tesistán (San Francisco Tesistán)", "clave_pueblo": 508, "nombre_pueblo": "Meʾphaa/Tlapaneco", "pihogares": 3, "x_long": -103.4861111, "y_lat": 20.7983333 }, "geometry": { "type": "MultiPoint", "coordinates": [ [ -103.4861111111111, 20.798333333333328 ] ] } },
{ "type": "Feature", "properties": { "g_id": 33866, "cve_ent": "14", "nom_ent": "Jalisco", "cve_mun": "120", "cvegeomun": "14120", "nom_mun": "Zapopan", "cve_loc": "0231", "cvegeoloc": "141200231", "nom_loc": "Tesistán (San Francisco Tesistán)", "clave_pueblo": 509, "nombre_pueblo": "Mazateco", "pihogares": 20, "x_long": -103.4861111, "y_lat": 20.7983333 }, "geometry": { "type": "MultiPoint", "coordinates": [ [ -103.4861111111111, 20.798333333333328 ] ] } },
{ "type": "Feature", "properties": { "g_id": 33867, "cve_ent": "14", "nom_ent": "Jalisco", "cve_mun": "120", "cvegeomun": "14120", "nom_mun": "Zapopan", "cve_loc": "0231", "cvegeoloc": "141200231", "nom_loc": "Tesistán (San Francisco Tesistán)", "clave_pueblo": 513, "nombre_pueblo": "Binnizá/Zapoteco", "pihogares": 88, "x_long": -103.4861111, "y_lat": 20.7983333 }, "geometry": { "type": "MultiPoint", "coordinates": [ [ -103.4861111111111, 20.798333333333328 ] ] } },
{ "type": "Feature", "properties": { "g_id": 33868, "cve_ent": "14", "nom_ent": "Jalisco", "cve_mun": "120", "cvegeomun": "14120", "nom_mun": "Zapopan", "cve_loc": "0231", "cvegeoloc": "141200231", "nom_loc": "Tesistán (San Francisco Tesistán)", "clave_pueblo": 514, "nombre_pueblo": "Chatino", "pihogares": 34, "x_long": -103.4861111, "y_lat": 20.7983333 }, "geometry": { "type": "MultiPoint", "coordinates": [ [ -103.4861111111111, 20.798333333333328 ] ] } },
{ "type": "Feature", "properties": { "g_id": 33869, "cve_ent": "14", "nom_ent": "Jalisco", "cve_mun": "120", "cvegeomun": "14120", "nom_mun": "Zapopan", "cve_loc": "0231", "cvegeoloc": "141200231", "nom_loc": "Tesistán (San Francisco Tesistán)", "clave_pueblo": 516, "nombre_pueblo": "Na savi/Ñuu Saavi/Mixteco", "pihogares": 96, "x_long": -103.4861111, "y_lat": 20.7983333 }, "geometry": { "type": "MultiPoint", "coordinates": [ [ -103.4861111111111, 20.798333333333328 ] ] } },
{ "type": "Feature", "properties": { "g_id": 33870, "cve_ent": "14", "nom_ent": "Jalisco", "cve_mun": "120", "cvegeomun": "14120", "nom_mun": "Zapopan", "cve_loc": "0231", "cvegeoloc": "141200231", "nom_loc": "Tesistán (San Francisco Tesistán)", "clave_pueblo": 601, "nombre_pueblo": "Teenek/Huasteco", "pihogares": 121, "x_long": -103.4861111, "y_lat": 20.7983333 }, "geometry": { "type": "MultiPoint", "coordinates": [ [ -103.4861111111111, 20.798333333333328 ] ] } },
{ "type": "Feature", "properties": { "g_id": 33871, "cve_ent": "14", "nom_ent": "Jalisco", "cve_mun": "120", "cvegeomun": "14120", "nom_mun": "Zapopan", "cve_loc": "0231", "cvegeoloc": "141200231", "nom_loc": "Tesistán (San Francisco Tesistán)", "clave_pueblo": 602, "nombre_pueblo": "Mayaʾwiinik/Maya", "pihogares": 16, "x_long": -103.4861111, "y_lat": 20.7983333 }, "geometry": { "type": "MultiPoint", "coordinates": [ [ -103.4861111111111, 20.798333333333328 ] ] } },
{ "type": "Feature", "properties": { "g_id": 33872, "cve_ent": "14", "nom_ent": "Jalisco", "cve_mun": "120", "cvegeomun": "14120", "nom_mun": "Zapopan", "cve_loc": "0231", "cvegeoloc": "141200231", "nom_loc": "Tesistán (San Francisco Tesistán)", "clave_pueblo": 604, "nombre_pueblo": "Ch'ol", "pihogares": 12, "x_long": -103.4861111, "y_lat": 20.7983333 }, "geometry": { "type": "MultiPoint", "coordinates": [ [ -103.4861111111111, 20.798333333333328 ] ] } },
{ "type": "Feature", "properties": { "g_id": 33873, "cve_ent": "14", "nom_ent": "Jalisco", "cve_mun": "120", "cvegeomun": "14120", "nom_mun": "Zapopan", "cve_loc": "0231", "cvegeoloc": "141200231", "nom_loc": "Tesistán (San Francisco Tesistán)", "clave_pueblo": 606, "nombre_pueblo": "Tseltal", "pihogares": 13, "x_long": -103.4861111, "y_lat": 20.7983333 }, "geometry": { "type": "MultiPoint", "coordinates": [ [ -103.4861111111111, 20.798333333333328 ] ] } },
{ "type": "Feature", "properties": { "g_id": 33874, "cve_ent": "14", "nom_ent": "Jalisco", "cve_mun": "120", "cvegeomun": "14120", "nom_mun": "Zapopan", "cve_loc": "0231", "cvegeoloc": "141200231", "nom_loc": "Tesistán (San Francisco Tesistán)", "clave_pueblo": 607, "nombre_pueblo": "Tsotsil", "pihogares": 6, "x_long": -103.4861111, "y_lat": 20.7983333 }, "geometry": { "type": "MultiPoint", "coordinates": [ [ -103.4861111111111, 20.798333333333328 ] ] } },
{ "type": "Feature", "properties": { "g_id": 33875, "cve_ent": "14", "nom_ent": "Jalisco", "cve_mun": "120", "cvegeomun": "14120", "nom_mun": "Zapopan", "cve_loc": "0231", "cvegeoloc": "141200231", "nom_loc": "Tesistán (San Francisco Tesistán)", "clave_pueblo": 701, "nombre_pueblo": "Totonaco", "pihogares": 16, "x_long": -103.4861111, "y_lat": 20.7983333 }, "geometry": { "type": "MultiPoint", "coordinates": [ [ -103.4861111111111, 20.798333333333328 ] ] } },
{ "type": "Feature", "properties": { "g_id": 33876, "cve_ent": "14", "nom_ent": "Jalisco", "cve_mun": "120", "cvegeomun": "14120", "nom_mun": "Zapopan", "cve_loc": "0231", "cvegeoloc": "141200231", "nom_loc": "Tesistán (San Francisco Tesistán)", "clave_pueblo": 801, "nombre_pueblo": "Purépecha/Pʾurhépecha/Pʾurhé/Tarasco", "pihogares": 48, "x_long": -103.4861111, "y_lat": 20.7983333 }, "geometry": { "type": "MultiPoint", "coordinates": [ [ -103.4861111111111, 20.798333333333328 ] ] } },
{ "type": "Feature", "properties": { "g_id": 33877, "cve_ent": "14", "nom_ent": "Jalisco", "cve_mun": "120", "cvegeomun": "14120", "nom_mun": "Zapopan", "cve_loc": "0231", "cvegeoloc": "141200231", "nom_loc": "Tesistán (San Francisco Tesistán)", "clave_pueblo": 901, "nombre_pueblo": "Ayuuk/Ayook/Mixe", "pihogares": 49, "x_long": -103.4861111, "y_lat": 20.7983333 }, "geometry": { "type": "MultiPoint", "coordinates": [ [ -103.4861111111111, 20.798333333333328 ] ] } },
{ "type": "Feature", "properties": { "g_id": 33878, "cve_ent": "14", "nom_ent": "Jalisco", "cve_mun": "120", "cvegeomun": "14120", "nom_mun": "Zapopan", "cve_loc": "0231", "cvegeoloc": "141200231", "nom_loc": "Tesistán (San Francisco Tesistán)", "clave_pueblo": 907, "nombre_pueblo": "Zoque", "pihogares": 2, "x_long": -103.4861111, "y_lat": 20.7983333 }, "geometry": { "type": "MultiPoint", "coordinates": [ [ -103.4861111111111, 20.798333333333328 ] ] } },
{ "type": "Feature", "properties": { "g_id": 33879, "cve_ent": "14", "nom_ent": "Jalisco", "cve_mun": "120", "cvegeomun": "14120", "nom_mun": "Zapopan", "cve_loc": "0243", "cvegeoloc": "141200243", "nom_loc": "La Venta del Astillero", "clave_pueblo": 209, "nombre_pueblo": "Náayari/Cora", "pihogares": 6, "x_long": -103.5466667, "y_lat": 20.7269444 }, "geometry": { "type": "MultiPoint", "coordinates": [ [ -103.546666666666695, 20.726944444444449 ] ] } },
{ "type": "Feature", "properties": { "g_id": 33880, "cve_ent": "14", "nom_ent": "Jalisco", "cve_mun": "120", "cvegeomun": "14120", "nom_mun": "Zapopan", "cve_loc": "0243", "cvegeoloc": "141200243", "nom_loc": "La Venta del Astillero", "clave_pueblo": 210, "nombre_pueblo": "Wixárika/Huichol", "pihogares": 2, "x_long": -103.5466667, "y_lat": 20.7269444 }, "geometry": { "type": "MultiPoint", "coordinates": [ [ -103.546666666666695, 20.726944444444449 ] ] } },
{ "type": "Feature", "properties": { "g_id": 33881, "cve_ent": "14", "nom_ent": "Jalisco", "cve_mun": "120", "cvegeomun": "14120", "nom_mun": "Zapopan", "cve_loc": "0243", "cvegeoloc": "141200243", "nom_loc": "La Venta del Astillero", "clave_pueblo": 501, "nombre_pueblo": "Otomí", "pihogares": 4, "x_long": -103.5466667, "y_lat": 20.7269444 }, "geometry": { "type": "MultiPoint", "coordinates": [ [ -103.546666666666695, 20.726944444444449 ] ] } },
{ "type": "Feature", "properties": { "g_id": 33882, "cve_ent": "14", "nom_ent": "Jalisco", "cve_mun": "120", "cvegeomun": "14120", "nom_mun": "Zapopan", "cve_loc": "0243", "cvegeoloc": "141200243", "nom_loc": "La Venta del Astillero", "clave_pueblo": 901, "nombre_pueblo": "Ayuuk/Ayook/Mixe", "pihogares": 8, "x_long": -103.5466667, "y_lat": 20.7269444 }, "geometry": { "type": "MultiPoint", "coordinates": [ [ -103.546666666666695, 20.726944444444449 ] ] } },
{ "type": "Feature", "properties": { "g_id": 33883, "cve_ent": "14", "nom_ent": "Jalisco", "cve_mun": "120", "cvegeomun": "14120", "nom_mun": "Zapopan", "cve_loc": "0263", "cvegeoloc": "141200263", "nom_loc": "Los Colorines", "clave_pueblo": 211, "nombre_pueblo": "Náhuatl", "pihogares": 17, "x_long": -103.5129161, "y_lat": 20.8165486 }, "geometry": { "type": "MultiPoint", "coordinates": [ [ -103.512916111292199, 20.816548610912669 ] ] } },
{ "type": "Feature", "properties": { "g_id": 33884, "cve_ent": "14", "nom_ent": "Jalisco", "cve_mun": "120", "cvegeomun": "14120", "nom_mun": "Zapopan", "cve_loc": "0279", "cvegeoloc": "141200279", "nom_loc": "Lomas de Montechelo (El Pedregal)", "clave_pueblo": 210, "nombre_pueblo": "Wixárika/Huichol", "pihogares": 3, "x_long": -103.4308333, "y_lat": 20.8980556 }, "geometry": { "type": "MultiPoint", "coordinates": [ [ -103.430833332705106, 20.898055555850959 ] ] } },
{ "type": "Feature", "properties": { "g_id": 33885, "cve_ent": "14", "nom_ent": "Jalisco", "cve_mun": "120", "cvegeomun": "14120", "nom_mun": "Zapopan", "cve_loc": "0280", "cvegeoloc": "141200280", "nom_loc": "La Mesita", "clave_pueblo": 210, "nombre_pueblo": "Wixárika/Huichol", "pihogares": 10, "x_long": -103.5047683, "y_lat": 20.8360678 }, "geometry": { "type": "MultiPoint", "coordinates": [ [ -103.504768332785105, 20.836067778377721 ] ] } },
{ "type": "Feature", "properties": { "g_id": 33886, "cve_ent": "14", "nom_ent": "Jalisco", "cve_mun": "120", "cvegeomun": "14120", "nom_mun": "Zapopan", "cve_loc": "0280", "cvegeoloc": "141200280", "nom_loc": "La Mesita", "clave_pueblo": 801, "nombre_pueblo": "Purépecha/Pʾurhépecha/Pʾurhé/Tarasco", "pihogares": 2, "x_long": -103.5047683, "y_lat": 20.8360678 }, "geometry": { "type": "MultiPoint", "coordinates": [ [ -103.504768332785105, 20.836067778377721 ] ] } },
{ "type": "Feature", "properties": { "g_id": 33887, "cve_ent": "14", "nom_ent": "Jalisco", "cve_mun": "120", "cvegeomun": "14120", "nom_mun": "Zapopan", "cve_loc": "0300", "cvegeoloc": "141200300", "nom_loc": "La Providencia", "clave_pueblo": 210, "nombre_pueblo": "Wixárika/Huichol", "pihogares": 18, "x_long": -103.4731269, "y_lat": 20.7662939 }, "geometry": { "type": "MultiPoint", "coordinates": [ [ -103.473126944474998, 20.766293889161059 ] ] } },
{ "type": "Feature", "properties": { "g_id": 33888, "cve_ent": "14", "nom_ent": "Jalisco", "cve_mun": "120", "cvegeomun": "14120", "nom_mun": "Zapopan", "cve_loc": "0300", "cvegeoloc": "141200300", "nom_loc": "La Providencia", "clave_pueblo": 211, "nombre_pueblo": "Náhuatl", "pihogares": 54, "x_long": -103.4731269, "y_lat": 20.7662939 }, "geometry": { "type": "MultiPoint", "coordinates": [ [ -103.473126944474998, 20.766293889161059 ] ] } },
{ "type": "Feature", "properties": { "g_id": 33889, "cve_ent": "14", "nom_ent": "Jalisco", "cve_mun": "120", "cvegeomun": "14120", "nom_mun": "Zapopan", "cve_loc": "0313", "cvegeoloc": "141200313", "nom_loc": "Pinar de la Venta", "clave_pueblo": 211, "nombre_pueblo": "Náhuatl", "pihogares": 2, "x_long": -103.5283947, "y_lat": 20.7228122 }, "geometry": { "type": "MultiPoint", "coordinates": [ [ -103.528394721866306, 20.72281222162762 ] ] } },
{ "type": "Feature", "properties": { "g_id": 33890, "cve_ent": "14", "nom_ent": "Jalisco", "cve_mun": "120", "cvegeomun": "14120", "nom_mun": "Zapopan", "cve_loc": "0315", "cvegeoloc": "141200315", "nom_loc": "Alianza de Cazadores Diana", "clave_pueblo": 211, "nombre_pueblo": "Náhuatl", "pihogares": 1, "x_long": -103.5167656, "y_lat": 20.7262106 }, "geometry": { "type": "MultiPoint", "coordinates": [ [ -103.516765555866797, 20.726210555993092 ] ] } },
{ "type": "Feature", "properties": { "g_id": 33891, "cve_ent": "14", "nom_ent": "Jalisco", "cve_mun": "120", "cvegeomun": "14120", "nom_mun": "Zapopan", "cve_loc": "0318", "cvegeoloc": "141200318", "nom_loc": "Rancho Contento", "clave_pueblo": 513, "nombre_pueblo": "Binnizá/Zapoteco", "pihogares": 1, "x_long": -103.4805389, "y_lat": 20.7135486 }, "geometry": { "type": "MultiPoint", "coordinates": [ [ -103.480538888767697, 20.713548610981839 ] ] } },
{ "type": "Feature", "properties": { "g_id": 33892, "cve_ent": "14", "nom_ent": "Jalisco", "cve_mun": "120", "cvegeomun": "14120", "nom_mun": "Zapopan", "cve_loc": "0319", "cvegeoloc": "141200319", "nom_loc": "El Romeral", "clave_pueblo": 211, "nombre_pueblo": "Náhuatl", "pihogares": 1, "x_long": -103.4738236, "y_lat": 20.7139653 }, "geometry": { "type": "MultiPoint", "coordinates": [ [ -103.4738236108699, 20.713965278279701 ] ] } },
{ "type": "Feature", "properties": { "g_id": 33893, "cve_ent": "14", "nom_ent": "Jalisco", "cve_mun": "120", "cvegeomun": "14120", "nom_mun": "Zapopan", "cve_loc": "0319", "cvegeoloc": "141200319", "nom_loc": "El Romeral", "clave_pueblo": 516, "nombre_pueblo": "Na savi/Ñuu Saavi/Mixteco", "pihogares": 3, "x_long": -103.4738236, "y_lat": 20.7139653 }, "geometry": { "type": "MultiPoint", "coordinates": [ [ -103.4738236108699, 20.713965278279701 ] ] } },
{ "type": "Feature", "properties": { "g_id": 33894, "cve_ent": "14", "nom_ent": "Jalisco", "cve_mun": "120", "cvegeomun": "14120", "nom_mun": "Zapopan", "cve_loc": "0356", "cvegeoloc": "141200356", "nom_loc": "Ejido Copalita", "clave_pueblo": 211, "nombre_pueblo": "Náhuatl", "pihogares": 19, "x_long": -103.4484667, "y_lat": 20.8288047 }, "geometry": { "type": "MultiPoint", "coordinates": [ [ -103.448466667000503, 20.828804721675549 ] ] } },
{ "type": "Feature", "properties": { "g_id": 33895, "cve_ent": "14", "nom_ent": "Jalisco", "cve_mun": "120", "cvegeomun": "14120", "nom_mun": "Zapopan", "cve_loc": "0356", "cvegeoloc": "141200356", "nom_loc": "Ejido Copalita", "clave_pueblo": 516, "nombre_pueblo": "Na savi/Ñuu Saavi/Mixteco", "pihogares": 1, "x_long": -103.4484667, "y_lat": 20.8288047 }, "geometry": { "type": "MultiPoint", "coordinates": [ [ -103.448466667000503, 20.828804721675549 ] ] } },
{ "type": "Feature", "properties": { "g_id": 33896, "cve_ent": "14", "nom_ent": "Jalisco", "cve_mun": "120", "cvegeomun": "14120", "nom_mun": "Zapopan", "cve_loc": "0369", "cvegeoloc": "141200369", "nom_loc": "San Jerónimo", "clave_pueblo": 211, "nombre_pueblo": "Náhuatl", "pihogares": 11, "x_long": -103.4981175, "y_lat": 20.8307681 }, "geometry": { "type": "MultiPoint", "coordinates": [ [ -103.498117499934807, 20.830768055757119 ] ] } },
{ "type": "Feature", "properties": { "g_id": 33897, "cve_ent": "14", "nom_ent": "Jalisco", "cve_mun": "120", "cvegeomun": "14120", "nom_mun": "Zapopan", "cve_loc": "0377", "cvegeoloc": "141200377", "nom_loc": "Las Cuevas", "clave_pueblo": 210, "nombre_pueblo": "Wixárika/Huichol", "pihogares": 26, "x_long": -103.5972222, "y_lat": 20.9125 }, "geometry": { "type": "MultiPoint", "coordinates": [ [ -103.597222221525399, 20.912499999735591 ] ] } },
{ "type": "Feature", "properties": { "g_id": 33898, "cve_ent": "14", "nom_ent": "Jalisco", "cve_mun": "120", "cvegeomun": "14120", "nom_mun": "Zapopan", "cve_loc": "0417", "cvegeoloc": "141200417", "nom_loc": "Villa Rica [Granja]", "clave_pueblo": 601, "nombre_pueblo": "Teenek/Huasteco", "pihogares": 4, "x_long": -103.5366667, "y_lat": 20.7563889 }, "geometry": { "type": "MultiPoint", "coordinates": [ [ -103.536666666540796, 20.756388888689479 ] ] } },
{ "type": "Feature", "properties": { "g_id": 33899, "cve_ent": "14", "nom_ent": "Jalisco", "cve_mun": "120", "cvegeomun": "14120", "nom_mun": "Zapopan", "cve_loc": "0430", "cvegeoloc": "141200430", "nom_loc": "Campestre las Palomas [Fraccionamiento]", "clave_pueblo": 210, "nombre_pueblo": "Wixárika/Huichol", "pihogares": 4, "x_long": -103.4516667, "y_lat": 20.8177778 }, "geometry": { "type": "MultiPoint", "coordinates": [ [ -103.451666666666696, 20.817777777777781 ] ] } },
{ "type": "Feature", "properties": { "g_id": 33900, "cve_ent": "14", "nom_ent": "Jalisco", "cve_mun": "120", "cvegeomun": "14120", "nom_mun": "Zapopan", "cve_loc": "0430", "cvegeoloc": "141200430", "nom_loc": "Campestre las Palomas [Fraccionamiento]", "clave_pueblo": 211, "nombre_pueblo": "Náhuatl", "pihogares": 40, "x_long": -103.4516667, "y_lat": 20.8177778 }, "geometry": { "type": "MultiPoint", "coordinates": [ [ -103.451666666666696, 20.817777777777781 ] ] } },
{ "type": "Feature", "properties": { "g_id": 33901, "cve_ent": "14", "nom_ent": "Jalisco", "cve_mun": "120", "cvegeomun": "14120", "nom_mun": "Zapopan", "cve_loc": "0430", "cvegeoloc": "141200430", "nom_loc": "Campestre las Palomas [Fraccionamiento]", "clave_pueblo": 501, "nombre_pueblo": "Otomí", "pihogares": 12, "x_long": -103.4516667, "y_lat": 20.8177778 }, "geometry": { "type": "MultiPoint", "coordinates": [ [ -103.451666666666696, 20.817777777777781 ] ] } },
{ "type": "Feature", "properties": { "g_id": 33902, "cve_ent": "14", "nom_ent": "Jalisco", "cve_mun": "120", "cvegeomun": "14120", "nom_mun": "Zapopan", "cve_loc": "0430", "cvegeoloc": "141200430", "nom_loc": "Campestre las Palomas [Fraccionamiento]", "clave_pueblo": 507, "nombre_pueblo": "Chinanteco", "pihogares": 7, "x_long": -103.4516667, "y_lat": 20.8177778 }, "geometry": { "type": "MultiPoint", "coordinates": [ [ -103.451666666666696, 20.817777777777781 ] ] } },
{ "type": "Feature", "properties": { "g_id": 33903, "cve_ent": "14", "nom_ent": "Jalisco", "cve_mun": "120", "cvegeomun": "14120", "nom_mun": "Zapopan", "cve_loc": "0430", "cvegeoloc": "141200430", "nom_loc": "Campestre las Palomas [Fraccionamiento]", "clave_pueblo": 508, "nombre_pueblo": "Meʾphaa/Tlapaneco", "pihogares": 4, "x_long": -103.4516667, "y_lat": 20.8177778 }, "geometry": { "type": "MultiPoint", "coordinates": [ [ -103.451666666666696, 20.817777777777781 ] ] } },
{ "type": "Feature", "properties": { "g_id": 33904, "cve_ent": "14", "nom_ent": "Jalisco", "cve_mun": "120", "cvegeomun": "14120", "nom_mun": "Zapopan", "cve_loc": "0430", "cvegeoloc": "141200430", "nom_loc": "Campestre las Palomas [Fraccionamiento]", "clave_pueblo": 512, "nombre_pueblo": "Popoloca", "pihogares": 2, "x_long": -103.4516667, "y_lat": 20.8177778 }, "geometry": { "type": "MultiPoint", "coordinates": [ [ -103.451666666666696, 20.817777777777781 ] ] } },
{ "type": "Feature", "properties": { "g_id": 33905, "cve_ent": "14", "nom_ent": "Jalisco", "cve_mun": "120", "cvegeomun": "14120", "nom_mun": "Zapopan", "cve_loc": "0430", "cvegeoloc": "141200430", "nom_loc": "Campestre las Palomas [Fraccionamiento]", "clave_pueblo": 513, "nombre_pueblo": "Binnizá/Zapoteco", "pihogares": 18, "x_long": -103.4516667, "y_lat": 20.8177778 }, "geometry": { "type": "MultiPoint", "coordinates": [ [ -103.451666666666696, 20.817777777777781 ] ] } },
{ "type": "Feature", "properties": { "g_id": 33906, "cve_ent": "14", "nom_ent": "Jalisco", "cve_mun": "120", "cvegeomun": "14120", "nom_mun": "Zapopan", "cve_loc": "0430", "cvegeoloc": "141200430", "nom_loc": "Campestre las Palomas [Fraccionamiento]", "clave_pueblo": 516, "nombre_pueblo": "Na savi/Ñuu Saavi/Mixteco", "pihogares": 4, "x_long": -103.4516667, "y_lat": 20.8177778 }, "geometry": { "type": "MultiPoint", "coordinates": [ [ -103.451666666666696, 20.817777777777781 ] ] } },
{ "type": "Feature", "properties": { "g_id": 33907, "cve_ent": "14", "nom_ent": "Jalisco", "cve_mun": "120", "cvegeomun": "14120", "nom_mun": "Zapopan", "cve_loc": "0430", "cvegeoloc": "141200430", "nom_loc": "Campestre las Palomas [Fraccionamiento]", "clave_pueblo": 601, "nombre_pueblo": "Teenek/Huasteco", "pihogares": 6, "x_long": -103.4516667, "y_lat": 20.8177778 }, "geometry": { "type": "MultiPoint", "coordinates": [ [ -103.451666666666696, 20.817777777777781 ] ] } },
{ "type": "Feature", "properties": { "g_id": 33908, "cve_ent": "14", "nom_ent": "Jalisco", "cve_mun": "120", "cvegeomun": "14120", "nom_mun": "Zapopan", "cve_loc": "0430", "cvegeoloc": "141200430", "nom_loc": "Campestre las Palomas [Fraccionamiento]", "clave_pueblo": 602, "nombre_pueblo": "Mayaʾwiinik/Maya", "pihogares": 4, "x_long": -103.4516667, "y_lat": 20.8177778 }, "geometry": { "type": "MultiPoint", "coordinates": [ [ -103.451666666666696, 20.817777777777781 ] ] } },
{ "type": "Feature", "properties": { "g_id": 33909, "cve_ent": "14", "nom_ent": "Jalisco", "cve_mun": "120", "cvegeomun": "14120", "nom_mun": "Zapopan", "cve_loc": "0430", "cvegeoloc": "141200430", "nom_loc": "Campestre las Palomas [Fraccionamiento]", "clave_pueblo": 801, "nombre_pueblo": "Purépecha/Pʾurhépecha/Pʾurhé/Tarasco", "pihogares": 14, "x_long": -103.4516667, "y_lat": 20.8177778 }, "geometry": { "type": "MultiPoint", "coordinates": [ [ -103.451666666666696, 20.817777777777781 ] ] } },
{ "type": "Feature", "properties": { "g_id": 33910, "cve_ent": "14", "nom_ent": "Jalisco", "cve_mun": "120", "cvegeomun": "14120", "nom_mun": "Zapopan", "cve_loc": "0430", "cvegeoloc": "141200430", "nom_loc": "Campestre las Palomas [Fraccionamiento]", "clave_pueblo": 907, "nombre_pueblo": "Zoque", "pihogares": 4, "x_long": -103.4516667, "y_lat": 20.8177778 }, "geometry": { "type": "MultiPoint", "coordinates": [ [ -103.451666666666696, 20.817777777777781 ] ] } },
{ "type": "Feature", "properties": { "g_id": 33911, "cve_ent": "14", "nom_ent": "Jalisco", "cve_mun": "120", "cvegeomun": "14120", "nom_mun": "Zapopan", "cve_loc": "0453", "cvegeoloc": "141200453", "nom_loc": "El Nabo", "clave_pueblo": 210, "nombre_pueblo": "Wixárika/Huichol", "pihogares": 2, "x_long": -103.5823911, "y_lat": 20.7276267 }, "geometry": { "type": "MultiPoint", "coordinates": [ [ -103.582391111260307, 20.72762666695051 ] ] } },
{ "type": "Feature", "properties": { "g_id": 33912, "cve_ent": "14", "nom_ent": "Jalisco", "cve_mun": "120", "cvegeomun": "14120", "nom_mun": "Zapopan", "cve_loc": "0460", "cvegeoloc": "141200460", "nom_loc": "San José del Astillero [Parque Industrial]", "clave_pueblo": 509, "nombre_pueblo": "Mazateco", "pihogares": 4, "x_long": -103.5155556, "y_lat": 20.7313889 }, "geometry": { "type": "MultiPoint", "coordinates": [ [ -103.515555556470702, 20.731388889361209 ] ] } },
{ "type": "Feature", "properties": { "g_id": 33913, "cve_ent": "14", "nom_ent": "Jalisco", "cve_mun": "120", "cvegeomun": "14120", "nom_mun": "Zapopan", "cve_loc": "0468", "cvegeoloc": "141200468", "nom_loc": "Los Robles", "clave_pueblo": 207, "nombre_pueblo": "Yoeme/Yaqui", "pihogares": 5, "x_long": -103.4891667, "y_lat": 20.6097222 }, "geometry": { "type": "MultiPoint", "coordinates": [ [ -103.489166667418203, 20.60972222217497 ] ] } },
{ "type": "Feature", "properties": { "g_id": 33914, "cve_ent": "14", "nom_ent": "Jalisco", "cve_mun": "120", "cvegeomun": "14120", "nom_mun": "Zapopan", "cve_loc": "0471", "cvegeoloc": "141200471", "nom_loc": "Las Bóvedas", "clave_pueblo": 509, "nombre_pueblo": "Mazateco", "pihogares": 1, "x_long": -103.4620078, "y_lat": 20.7890642 }, "geometry": { "type": "MultiPoint", "coordinates": [ [ -103.462007777963194, 20.789064167275171 ] ] } },
{ "type": "Feature", "properties": { "g_id": 33915, "cve_ent": "14", "nom_ent": "Jalisco", "cve_mun": "120", "cvegeomun": "14120", "nom_mun": "Zapopan", "cve_loc": "0537", "cvegeoloc": "141200537", "nom_loc": "Lomas de Tesistán [Fraccionamiento]", "clave_pueblo": 210, "nombre_pueblo": "Wixárika/Huichol", "pihogares": 8, "x_long": -103.4730928, "y_lat": 20.8255244 }, "geometry": { "type": "MultiPoint", "coordinates": [ [ -103.473092777580405, 20.825524443662889 ] ] } },
{ "type": "Feature", "properties": { "g_id": 33916, "cve_ent": "14", "nom_ent": "Jalisco", "cve_mun": "120", "cvegeomun": "14120", "nom_mun": "Zapopan", "cve_loc": "0537", "cvegeoloc": "141200537", "nom_loc": "Lomas de Tesistán [Fraccionamiento]", "clave_pueblo": 211, "nombre_pueblo": "Náhuatl", "pihogares": 4, "x_long": -103.4730928, "y_lat": 20.8255244 }, "geometry": { "type": "MultiPoint", "coordinates": [ [ -103.473092777580405, 20.825524443662889 ] ] } },
{ "type": "Feature", "properties": { "g_id": 33917, "cve_ent": "14", "nom_ent": "Jalisco", "cve_mun": "120", "cvegeomun": "14120", "nom_mun": "Zapopan", "cve_loc": "0537", "cvegeoloc": "141200537", "nom_loc": "Lomas de Tesistán [Fraccionamiento]", "clave_pueblo": 516, "nombre_pueblo": "Na savi/Ñuu Saavi/Mixteco", "pihogares": 11, "x_long": -103.4730928, "y_lat": 20.8255244 }, "geometry": { "type": "MultiPoint", "coordinates": [ [ -103.473092777580405, 20.825524443662889 ] ] } },
{ "type": "Feature", "properties": { "g_id": 33918, "cve_ent": "14", "nom_ent": "Jalisco", "cve_mun": "120", "cvegeomun": "14120", "nom_mun": "Zapopan", "cve_loc": "0537", "cvegeoloc": "141200537", "nom_loc": "Lomas de Tesistán [Fraccionamiento]", "clave_pueblo": 801, "nombre_pueblo": "Purépecha/Pʾurhépecha/Pʾurhé/Tarasco", "pihogares": 1, "x_long": -103.4730928, "y_lat": 20.8255244 }, "geometry": { "type": "MultiPoint", "coordinates": [ [ -103.473092777580405, 20.825524443662889 ] ] } },
{ "type": "Feature", "properties": { "g_id": 33919, "cve_ent": "14", "nom_ent": "Jalisco", "cve_mun": "120", "cvegeomun": "14120", "nom_mun": "Zapopan", "cve_loc": "0544", "cvegeoloc": "141200544", "nom_loc": "Granja Luz Aidé", "clave_pueblo": 211, "nombre_pueblo": "Náhuatl", "pihogares": 4, "x_long": -103.4773097, "y_lat": 20.81538 }, "geometry": { "type": "MultiPoint", "coordinates": [ [ -103.477309721901307, 20.815379999831109 ] ] } },
{ "type": "Feature", "properties": { "g_id": 33920, "cve_ent": "14", "nom_ent": "Jalisco", "cve_mun": "120", "cvegeomun": "14120", "nom_mun": "Zapopan", "cve_loc": "0547", "cvegeoloc": "141200547", "nom_loc": "Haciendas la Herradura", "clave_pueblo": 701, "nombre_pueblo": "Totonaco", "pihogares": 4, "x_long": -103.6081347, "y_lat": 20.7719386 }, "geometry": { "type": "MultiPoint", "coordinates": [ [ -103.608134722456398, 20.771938610751931 ] ] } },
{ "type": "Feature", "properties": { "g_id": 33921, "cve_ent": "14", "nom_ent": "Jalisco", "cve_mun": "120", "cvegeomun": "14120", "nom_mun": "Zapopan", "cve_loc": "0574", "cvegeoloc": "141200574", "nom_loc": "Las Parritas", "clave_pueblo": 601, "nombre_pueblo": "Teenek/Huasteco", "pihogares": 5, "x_long": -103.5903433, "y_lat": 20.7209 }, "geometry": { "type": "MultiPoint", "coordinates": [ [ -103.590343332798398, 20.720900000085742 ] ] } },
{ "type": "Feature", "properties": { "g_id": 33922, "cve_ent": "14", "nom_ent": "Jalisco", "cve_mun": "120", "cvegeomun": "14120", "nom_mun": "Zapopan", "cve_loc": "0577", "cvegeoloc": "141200577", "nom_loc": "Los Patios", "clave_pueblo": 210, "nombre_pueblo": "Wixárika/Huichol", "pihogares": 7, "x_long": -103.3883428, "y_lat": 20.85216 }, "geometry": { "type": "MultiPoint", "coordinates": [ [ -103.388342777651303, 20.85216000016727 ] ] } },
{ "type": "Feature", "properties": { "g_id": 33923, "cve_ent": "14", "nom_ent": "Jalisco", "cve_mun": "120", "cvegeomun": "14120", "nom_mun": "Zapopan", "cve_loc": "0577", "cvegeoloc": "141200577", "nom_loc": "Los Patios", "clave_pueblo": 901, "nombre_pueblo": "Ayuuk/Ayook/Mixe", "pihogares": 4, "x_long": -103.3883428, "y_lat": 20.85216 }, "geometry": { "type": "MultiPoint", "coordinates": [ [ -103.388342777651303, 20.85216000016727 ] ] } },
{ "type": "Feature", "properties": { "g_id": 33924, "cve_ent": "14", "nom_ent": "Jalisco", "cve_mun": "120", "cvegeomun": "14120", "nom_mun": "Zapopan", "cve_loc": "0611", "cvegeoloc": "141200611", "nom_loc": "El Reventón", "clave_pueblo": 505, "nombre_pueblo": "Xiʾui/Pame", "pihogares": 1, "x_long": -103.5876758, "y_lat": 20.7364467 }, "geometry": { "type": "MultiPoint", "coordinates": [ [ -103.587675833029394, 20.736446667115199 ] ] } },
{ "type": "Feature", "properties": { "g_id": 33925, "cve_ent": "14", "nom_ent": "Jalisco", "cve_mun": "120", "cvegeomun": "14120", "nom_mun": "Zapopan", "cve_loc": "0668", "cvegeoloc": "141200668", "nom_loc": "El Mirador", "clave_pueblo": 516, "nombre_pueblo": "Na savi/Ñuu Saavi/Mixteco", "pihogares": 1, "x_long": -103.4570161, "y_lat": 20.6625394 }, "geometry": { "type": "MultiPoint", "coordinates": [ [ -103.457016110537594, 20.662539444220879 ] ] } },
{ "type": "Feature", "properties": { "g_id": 33926, "cve_ent": "14", "nom_ent": "Jalisco", "cve_mun": "120", "cvegeomun": "14120", "nom_mun": "Zapopan", "cve_loc": "0690", "cvegeoloc": "141200690", "nom_loc": "El Nuevo Resplandor [Fraccionamiento]", "clave_pueblo": 210, "nombre_pueblo": "Wixárika/Huichol", "pihogares": 17, "x_long": -103.5422717, "y_lat": 20.8262736 }, "geometry": { "type": "MultiPoint", "coordinates": [ [ -103.5422716669908, 20.826273611178468 ] ] } },
{ "type": "Feature", "properties": { "g_id": 33927, "cve_ent": "14", "nom_ent": "Jalisco", "cve_mun": "120", "cvegeomun": "14120", "nom_mun": "Zapopan", "cve_loc": "0690", "cvegeoloc": "141200690", "nom_loc": "El Nuevo Resplandor [Fraccionamiento]", "clave_pueblo": 211, "nombre_pueblo": "Náhuatl", "pihogares": 5, "x_long": -103.5422717, "y_lat": 20.8262736 }, "geometry": { "type": "MultiPoint", "coordinates": [ [ -103.5422716669908, 20.826273611178468 ] ] } },
{ "type": "Feature", "properties": { "g_id": 33928, "cve_ent": "14", "nom_ent": "Jalisco", "cve_mun": "120", "cvegeomun": "14120", "nom_mun": "Zapopan", "cve_loc": "0738", "cvegeoloc": "141200738", "nom_loc": "Puerta del Llano", "clave_pueblo": 210, "nombre_pueblo": "Wixárika/Huichol", "pihogares": 2, "x_long": -103.4583375, "y_lat": 20.7855378 }, "geometry": { "type": "MultiPoint", "coordinates": [ [ -103.458337499840198, 20.785537778360879 ] ] } },
{ "type": "Feature", "properties": { "g_id": 33929, "cve_ent": "14", "nom_ent": "Jalisco", "cve_mun": "120", "cvegeomun": "14120", "nom_mun": "Zapopan", "cve_loc": "0738", "cvegeoloc": "141200738", "nom_loc": "Puerta del Llano", "clave_pueblo": 211, "nombre_pueblo": "Náhuatl", "pihogares": 13, "x_long": -103.4583375, "y_lat": 20.7855378 }, "geometry": { "type": "MultiPoint", "coordinates": [ [ -103.458337499840198, 20.785537778360879 ] ] } },
{ "type": "Feature", "properties": { "g_id": 33930, "cve_ent": "14", "nom_ent": "Jalisco", "cve_mun": "120", "cvegeomun": "14120", "nom_mun": "Zapopan", "cve_loc": "0738", "cvegeoloc": "141200738", "nom_loc": "Puerta del Llano", "clave_pueblo": 513, "nombre_pueblo": "Binnizá/Zapoteco", "pihogares": 5, "x_long": -103.4583375, "y_lat": 20.7855378 }, "geometry": { "type": "MultiPoint", "coordinates": [ [ -103.458337499840198, 20.785537778360879 ] ] } },
{ "type": "Feature", "properties": { "g_id": 33931, "cve_ent": "14", "nom_ent": "Jalisco", "cve_mun": "120", "cvegeomun": "14120", "nom_mun": "Zapopan", "cve_loc": "0748", "cvegeoloc": "141200748", "nom_loc": "Villas del Valle", "clave_pueblo": 701, "nombre_pueblo": "Totonaco", "pihogares": 3, "x_long": -103.4487606, "y_lat": 20.7828311 }, "geometry": { "type": "MultiPoint", "coordinates": [ [ -103.448760556475804, 20.782831110755701 ] ] } },
{ "type": "Feature", "properties": { "g_id": 33932, "cve_ent": "14", "nom_ent": "Jalisco", "cve_mun": "120", "cvegeomun": "14120", "nom_mun": "Zapopan", "cve_loc": "0750", "cvegeoloc": "141200750", "nom_loc": "Campo Real", "clave_pueblo": 211, "nombre_pueblo": "Náhuatl", "pihogares": 12, "x_long": -103.4432717, "y_lat": 20.7887394 }, "geometry": { "type": "MultiPoint", "coordinates": [ [ -103.443271666666703, 20.788739444444449 ] ] } },
{ "type": "Feature", "properties": { "g_id": 33933, "cve_ent": "14", "nom_ent": "Jalisco", "cve_mun": "120", "cvegeomun": "14120", "nom_mun": "Zapopan", "cve_loc": "0750", "cvegeoloc": "141200750", "nom_loc": "Campo Real", "clave_pueblo": 509, "nombre_pueblo": "Mazateco", "pihogares": 1, "x_long": -103.4432717, "y_lat": 20.7887394 }, "geometry": { "type": "MultiPoint", "coordinates": [ [ -103.443271666666703, 20.788739444444449 ] ] } },
{ "type": "Feature", "properties": { "g_id": 33934, "cve_ent": "14", "nom_ent": "Jalisco", "cve_mun": "120", "cvegeomun": "14120", "nom_mun": "Zapopan", "cve_loc": "0750", "cvegeoloc": "141200750", "nom_loc": "Campo Real", "clave_pueblo": 513, "nombre_pueblo": "Binnizá/Zapoteco", "pihogares": 2, "x_long": -103.4432717, "y_lat": 20.7887394 }, "geometry": { "type": "MultiPoint", "coordinates": [ [ -103.443271666666703, 20.788739444444449 ] ] } },
{ "type": "Feature", "properties": { "g_id": 33935, "cve_ent": "14", "nom_ent": "Jalisco", "cve_mun": "120", "cvegeomun": "14120", "nom_mun": "Zapopan", "cve_loc": "0750", "cvegeoloc": "141200750", "nom_loc": "Campo Real", "clave_pueblo": 701, "nombre_pueblo": "Totonaco", "pihogares": 1, "x_long": -103.4432717, "y_lat": 20.7887394 }, "geometry": { "type": "MultiPoint", "coordinates": [ [ -103.443271666666703, 20.788739444444449 ] ] } },
{ "type": "Feature", "properties": { "g_id": 33936, "cve_ent": "14", "nom_ent": "Jalisco", "cve_mun": "120", "cvegeomun": "14120", "nom_mun": "Zapopan", "cve_loc": "0753", "cvegeoloc": "141200753", "nom_loc": "Palermo", "clave_pueblo": 211, "nombre_pueblo": "Náhuatl", "pihogares": 12, "x_long": -103.4614097, "y_lat": 20.8177483 }, "geometry": { "type": "MultiPoint", "coordinates": [ [ -103.4614097222222, 20.817748333333331 ] ] } },
{ "type": "Feature", "properties": { "g_id": 33937, "cve_ent": "14", "nom_ent": "Jalisco", "cve_mun": "120", "cvegeomun": "14120", "nom_mun": "Zapopan", "cve_loc": "0753", "cvegeoloc": "141200753", "nom_loc": "Palermo", "clave_pueblo": 501, "nombre_pueblo": "Otomí", "pihogares": 2, "x_long": -103.4614097, "y_lat": 20.8177483 }, "geometry": { "type": "MultiPoint", "coordinates": [ [ -103.4614097222222, 20.817748333333331 ] ] } },
{ "type": "Feature", "properties": { "g_id": 33938, "cve_ent": "14", "nom_ent": "Jalisco", "cve_mun": "120", "cvegeomun": "14120", "nom_mun": "Zapopan", "cve_loc": "0753", "cvegeoloc": "141200753", "nom_loc": "Palermo", "clave_pueblo": 509, "nombre_pueblo": "Mazateco", "pihogares": 2, "x_long": -103.4614097, "y_lat": 20.8177483 }, "geometry": { "type": "MultiPoint", "coordinates": [ [ -103.4614097222222, 20.817748333333331 ] ] } },
{ "type": "Feature", "properties": { "g_id": 33939, "cve_ent": "14", "nom_ent": "Jalisco", "cve_mun": "120", "cvegeomun": "14120", "nom_mun": "Zapopan", "cve_loc": "0753", "cvegeoloc": "141200753", "nom_loc": "Palermo", "clave_pueblo": 516, "nombre_pueblo": "Na savi/Ñuu Saavi/Mixteco", "pihogares": 6, "x_long": -103.4614097, "y_lat": 20.8177483 }, "geometry": { "type": "MultiPoint", "coordinates": [ [ -103.4614097222222, 20.817748333333331 ] ] } },
{ "type": "Feature", "properties": { "g_id": 33940, "cve_ent": "14", "nom_ent": "Jalisco", "cve_mun": "120", "cvegeomun": "14120", "nom_mun": "Zapopan", "cve_loc": "0753", "cvegeoloc": "141200753", "nom_loc": "Palermo", "clave_pueblo": 602, "nombre_pueblo": "Mayaʾwiinik/Maya", "pihogares": 10, "x_long": -103.4614097, "y_lat": 20.8177483 }, "geometry": { "type": "MultiPoint", "coordinates": [ [ -103.4614097222222, 20.817748333333331 ] ] } },
{ "type": "Feature", "properties": { "g_id": 33941, "cve_ent": "14", "nom_ent": "Jalisco", "cve_mun": "120", "cvegeomun": "14120", "nom_mun": "Zapopan", "cve_loc": "0753", "cvegeoloc": "141200753", "nom_loc": "Palermo", "clave_pueblo": 701, "nombre_pueblo": "Totonaco", "pihogares": 2, "x_long": -103.4614097, "y_lat": 20.8177483 }, "geometry": { "type": "MultiPoint", "coordinates": [ [ -103.4614097222222, 20.817748333333331 ] ] } },
{ "type": "Feature", "properties": { "g_id": 33942, "cve_ent": "14", "nom_ent": "Jalisco", "cve_mun": "120", "cvegeomun": "14120", "nom_mun": "Zapopan", "cve_loc": "0755", "cvegeoloc": "141200755", "nom_loc": "Residencial Albaterra", "clave_pueblo": 210, "nombre_pueblo": "Wixárika/Huichol", "pihogares": 47, "x_long": -103.4506889, "y_lat": 20.8501614 }, "geometry": { "type": "MultiPoint", "coordinates": [ [ -103.450688888867603, 20.85016138892674 ] ] } },
{ "type": "Feature", "properties": { "g_id": 33943, "cve_ent": "14", "nom_ent": "Jalisco", "cve_mun": "120", "cvegeomun": "14120", "nom_mun": "Zapopan", "cve_loc": "0755", "cvegeoloc": "141200755", "nom_loc": "Residencial Albaterra", "clave_pueblo": 211, "nombre_pueblo": "Náhuatl", "pihogares": 26, "x_long": -103.4506889, "y_lat": 20.8501614 }, "geometry": { "type": "MultiPoint", "coordinates": [ [ -103.450688888867603, 20.85016138892674 ] ] } },
{ "type": "Feature", "properties": { "g_id": 33944, "cve_ent": "14", "nom_ent": "Jalisco", "cve_mun": "120", "cvegeomun": "14120", "nom_mun": "Zapopan", "cve_loc": "0755", "cvegeoloc": "141200755", "nom_loc": "Residencial Albaterra", "clave_pueblo": 507, "nombre_pueblo": "Chinanteco", "pihogares": 2, "x_long": -103.4506889, "y_lat": 20.8501614 }, "geometry": { "type": "MultiPoint", "coordinates": [ [ -103.450688888867603, 20.85016138892674 ] ] } },
{ "type": "Feature", "properties": { "g_id": 33945, "cve_ent": "14", "nom_ent": "Jalisco", "cve_mun": "120", "cvegeomun": "14120", "nom_mun": "Zapopan", "cve_loc": "0755", "cvegeoloc": "141200755", "nom_loc": "Residencial Albaterra", "clave_pueblo": 513, "nombre_pueblo": "Binnizá/Zapoteco", "pihogares": 4, "x_long": -103.4506889, "y_lat": 20.8501614 }, "geometry": { "type": "MultiPoint", "coordinates": [ [ -103.450688888867603, 20.85016138892674 ] ] } },
{ "type": "Feature", "properties": { "g_id": 33946, "cve_ent": "14", "nom_ent": "Jalisco", "cve_mun": "120", "cvegeomun": "14120", "nom_mun": "Zapopan", "cve_loc": "0755", "cvegeoloc": "141200755", "nom_loc": "Residencial Albaterra", "clave_pueblo": 516, "nombre_pueblo": "Na savi/Ñuu Saavi/Mixteco", "pihogares": 8, "x_long": -103.4506889, "y_lat": 20.8501614 }, "geometry": { "type": "MultiPoint", "coordinates": [ [ -103.450688888867603, 20.85016138892674 ] ] } },
{ "type": "Feature", "properties": { "g_id": 33947, "cve_ent": "14", "nom_ent": "Jalisco", "cve_mun": "120", "cvegeomun": "14120", "nom_mun": "Zapopan", "cve_loc": "0756", "cvegeoloc": "141200756", "nom_loc": "Amaranto Residencial", "clave_pueblo": 210, "nombre_pueblo": "Wixárika/Huichol", "pihogares": 6, "x_long": -103.4551186, "y_lat": 20.8092297 }, "geometry": { "type": "MultiPoint", "coordinates": [ [ -103.455118611111104, 20.80922972222222 ] ] } },
{ "type": "Feature", "properties": { "g_id": 33948, "cve_ent": "14", "nom_ent": "Jalisco", "cve_mun": "120", "cvegeomun": "14120", "nom_mun": "Zapopan", "cve_loc": "0756", "cvegeoloc": "141200756", "nom_loc": "Amaranto Residencial", "clave_pueblo": 211, "nombre_pueblo": "Náhuatl", "pihogares": 21, "x_long": -103.4551186, "y_lat": 20.8092297 }, "geometry": { "type": "MultiPoint", "coordinates": [ [ -103.455118611111104, 20.80922972222222 ] ] } },
{ "type": "Feature", "properties": { "g_id": 33949, "cve_ent": "14", "nom_ent": "Jalisco", "cve_mun": "120", "cvegeomun": "14120", "nom_mun": "Zapopan", "cve_loc": "0756", "cvegeoloc": "141200756", "nom_loc": "Amaranto Residencial", "clave_pueblo": 501, "nombre_pueblo": "Otomí", "pihogares": 3, "x_long": -103.4551186, "y_lat": 20.8092297 }, "geometry": { "type": "MultiPoint", "coordinates": [ [ -103.455118611111104, 20.80922972222222 ] ] } },
{ "type": "Feature", "properties": { "g_id": 33950, "cve_ent": "14", "nom_ent": "Jalisco", "cve_mun": "120", "cvegeomun": "14120", "nom_mun": "Zapopan", "cve_loc": "0756", "cvegeoloc": "141200756", "nom_loc": "Amaranto Residencial", "clave_pueblo": 507, "nombre_pueblo": "Chinanteco", "pihogares": 8, "x_long": -103.4551186, "y_lat": 20.8092297 }, "geometry": { "type": "MultiPoint", "coordinates": [ [ -103.455118611111104, 20.80922972222222 ] ] } },
{ "type": "Feature", "properties": { "g_id": 33951, "cve_ent": "14", "nom_ent": "Jalisco", "cve_mun": "120", "cvegeomun": "14120", "nom_mun": "Zapopan", "cve_loc": "0756", "cvegeoloc": "141200756", "nom_loc": "Amaranto Residencial", "clave_pueblo": 513, "nombre_pueblo": "Binnizá/Zapoteco", "pihogares": 4, "x_long": -103.4551186, "y_lat": 20.8092297 }, "geometry": { "type": "MultiPoint", "coordinates": [ [ -103.455118611111104, 20.80922972222222 ] ] } },
{ "type": "Feature", "properties": { "g_id": 33952, "cve_ent": "14", "nom_ent": "Jalisco", "cve_mun": "120", "cvegeomun": "14120", "nom_mun": "Zapopan", "cve_loc": "0756", "cvegeoloc": "141200756", "nom_loc": "Amaranto Residencial", "clave_pueblo": 516, "nombre_pueblo": "Na savi/Ñuu Saavi/Mixteco", "pihogares": 8, "x_long": -103.4551186, "y_lat": 20.8092297 }, "geometry": { "type": "MultiPoint", "coordinates": [ [ -103.455118611111104, 20.80922972222222 ] ] } },
{ "type": "Feature", "properties": { "g_id": 33953, "cve_ent": "14", "nom_ent": "Jalisco", "cve_mun": "120", "cvegeomun": "14120", "nom_mun": "Zapopan", "cve_loc": "0756", "cvegeoloc": "141200756", "nom_loc": "Amaranto Residencial", "clave_pueblo": 601, "nombre_pueblo": "Teenek/Huasteco", "pihogares": 7, "x_long": -103.4551186, "y_lat": 20.8092297 }, "geometry": { "type": "MultiPoint", "coordinates": [ [ -103.455118611111104, 20.80922972222222 ] ] } },
{ "type": "Feature", "properties": { "g_id": 33954, "cve_ent": "14", "nom_ent": "Jalisco", "cve_mun": "120", "cvegeomun": "14120", "nom_mun": "Zapopan", "cve_loc": "0756", "cvegeoloc": "141200756", "nom_loc": "Amaranto Residencial", "clave_pueblo": 602, "nombre_pueblo": "Mayaʾwiinik/Maya", "pihogares": 3, "x_long": -103.4551186, "y_lat": 20.8092297 }, "geometry": { "type": "MultiPoint", "coordinates": [ [ -103.455118611111104, 20.80922972222222 ] ] } },
{ "type": "Feature", "properties": { "g_id": 33955, "cve_ent": "14", "nom_ent": "Jalisco", "cve_mun": "120", "cvegeomun": "14120", "nom_mun": "Zapopan", "cve_loc": "0756", "cvegeoloc": "141200756", "nom_loc": "Amaranto Residencial", "clave_pueblo": 604, "nombre_pueblo": "Ch'ol", "pihogares": 2, "x_long": -103.4551186, "y_lat": 20.8092297 }, "geometry": { "type": "MultiPoint", "coordinates": [ [ -103.455118611111104, 20.80922972222222 ] ] } },
{ "type": "Feature", "properties": { "g_id": 33956, "cve_ent": "14", "nom_ent": "Jalisco", "cve_mun": "120", "cvegeomun": "14120", "nom_mun": "Zapopan", "cve_loc": "0757", "cvegeoloc": "141200757", "nom_loc": "Mirador del Bosque", "clave_pueblo": 209, "nombre_pueblo": "Náayari/Cora", "pihogares": 1, "x_long": -103.4467369, "y_lat": 20.8553853 }, "geometry": { "type": "MultiPoint", "coordinates": [ [ -103.446736944444396, 20.855385277777781 ] ] } },
{ "type": "Feature", "properties": { "g_id": 33957, "cve_ent": "14", "nom_ent": "Jalisco", "cve_mun": "120", "cvegeomun": "14120", "nom_mun": "Zapopan", "cve_loc": "0757", "cvegeoloc": "141200757", "nom_loc": "Mirador del Bosque", "clave_pueblo": 210, "nombre_pueblo": "Wixárika/Huichol", "pihogares": 8, "x_long": -103.4467369, "y_lat": 20.8553853 }, "geometry": { "type": "MultiPoint", "coordinates": [ [ -103.446736944444396, 20.855385277777781 ] ] } },
{ "type": "Feature", "properties": { "g_id": 33958, "cve_ent": "14", "nom_ent": "Jalisco", "cve_mun": "120", "cvegeomun": "14120", "nom_mun": "Zapopan", "cve_loc": "0757", "cvegeoloc": "141200757", "nom_loc": "Mirador del Bosque", "clave_pueblo": 211, "nombre_pueblo": "Náhuatl", "pihogares": 21, "x_long": -103.4467369, "y_lat": 20.8553853 }, "geometry": { "type": "MultiPoint", "coordinates": [ [ -103.446736944444396, 20.855385277777781 ] ] } },
{ "type": "Feature", "properties": { "g_id": 33959, "cve_ent": "14", "nom_ent": "Jalisco", "cve_mun": "120", "cvegeomun": "14120", "nom_mun": "Zapopan", "cve_loc": "0757", "cvegeoloc": "141200757", "nom_loc": "Mirador del Bosque", "clave_pueblo": 513, "nombre_pueblo": "Binnizá/Zapoteco", "pihogares": 7, "x_long": -103.4467369, "y_lat": 20.8553853 }, "geometry": { "type": "MultiPoint", "coordinates": [ [ -103.446736944444396, 20.855385277777781 ] ] } },
{ "type": "Feature", "properties": { "g_id": 33960, "cve_ent": "14", "nom_ent": "Jalisco", "cve_mun": "120", "cvegeomun": "14120", "nom_mun": "Zapopan", "cve_loc": "0757", "cvegeoloc": "141200757", "nom_loc": "Mirador del Bosque", "clave_pueblo": 516, "nombre_pueblo": "Na savi/Ñuu Saavi/Mixteco", "pihogares": 12, "x_long": -103.4467369, "y_lat": 20.8553853 }, "geometry": { "type": "MultiPoint", "coordinates": [ [ -103.446736944444396, 20.855385277777781 ] ] } },
{ "type": "Feature", "properties": { "g_id": 33961, "cve_ent": "14", "nom_ent": "Jalisco", "cve_mun": "120", "cvegeomun": "14120", "nom_mun": "Zapopan", "cve_loc": "0757", "cvegeoloc": "141200757", "nom_loc": "Mirador del Bosque", "clave_pueblo": 601, "nombre_pueblo": "Teenek/Huasteco", "pihogares": 2, "x_long": -103.4467369, "y_lat": 20.8553853 }, "geometry": { "type": "MultiPoint", "coordinates": [ [ -103.446736944444396, 20.855385277777781 ] ] } },
{ "type": "Feature", "properties": { "g_id": 33962, "cve_ent": "14", "nom_ent": "Jalisco", "cve_mun": "120", "cvegeomun": "14120", "nom_mun": "Zapopan", "cve_loc": "0757", "cvegeoloc": "141200757", "nom_loc": "Mirador del Bosque", "clave_pueblo": 701, "nombre_pueblo": "Totonaco", "pihogares": 6, "x_long": -103.4467369, "y_lat": 20.8553853 }, "geometry": { "type": "MultiPoint", "coordinates": [ [ -103.446736944444396, 20.855385277777781 ] ] } },
{ "type": "Feature", "properties": { "g_id": 33963, "cve_ent": "14", "nom_ent": "Jalisco", "cve_mun": "120", "cvegeomun": "14120", "nom_mun": "Zapopan", "cve_loc": "0758", "cvegeoloc": "141200758", "nom_loc": "Valle de los Molinos", "clave_pueblo": 203, "nombre_pueblo": "Oʾdame/Tepehuano del norte", "pihogares": 5, "x_long": -103.4256133, "y_lat": 20.8496325 }, "geometry": { "type": "MultiPoint", "coordinates": [ [ -103.425613333333303, 20.8496325 ] ] } },
{ "type": "Feature", "properties": { "g_id": 33964, "cve_ent": "14", "nom_ent": "Jalisco", "cve_mun": "120", "cvegeomun": "14120", "nom_mun": "Zapopan", "cve_loc": "0758", "cvegeoloc": "141200758", "nom_loc": "Valle de los Molinos", "clave_pueblo": 205, "nombre_pueblo": "Rarámuri/Ralamuli/Tarahumara", "pihogares": 4, "x_long": -103.4256133, "y_lat": 20.8496325 }, "geometry": { "type": "MultiPoint", "coordinates": [ [ -103.425613333333303, 20.8496325 ] ] } },
{ "type": "Feature", "properties": { "g_id": 33965, "cve_ent": "14", "nom_ent": "Jalisco", "cve_mun": "120", "cvegeomun": "14120", "nom_mun": "Zapopan", "cve_loc": "0758", "cvegeoloc": "141200758", "nom_loc": "Valle de los Molinos", "clave_pueblo": 209, "nombre_pueblo": "Náayari/Cora", "pihogares": 4, "x_long": -103.4256133, "y_lat": 20.8496325 }, "geometry": { "type": "MultiPoint", "coordinates": [ [ -103.425613333333303, 20.8496325 ] ] } },
{ "type": "Feature", "properties": { "g_id": 33966, "cve_ent": "14", "nom_ent": "Jalisco", "cve_mun": "120", "cvegeomun": "14120", "nom_mun": "Zapopan", "cve_loc": "0758", "cvegeoloc": "141200758", "nom_loc": "Valle de los Molinos", "clave_pueblo": 210, "nombre_pueblo": "Wixárika/Huichol", "pihogares": 44, "x_long": -103.4256133, "y_lat": 20.8496325 }, "geometry": { "type": "MultiPoint", "coordinates": [ [ -103.425613333333303, 20.8496325 ] ] } },
{ "type": "Feature", "properties": { "g_id": 33967, "cve_ent": "14", "nom_ent": "Jalisco", "cve_mun": "120", "cvegeomun": "14120", "nom_mun": "Zapopan", "cve_loc": "0758", "cvegeoloc": "141200758", "nom_loc": "Valle de los Molinos", "clave_pueblo": 211, "nombre_pueblo": "Náhuatl", "pihogares": 599, "x_long": -103.4256133, "y_lat": 20.8496325 }, "geometry": { "type": "MultiPoint", "coordinates": [ [ -103.425613333333303, 20.8496325 ] ] } },
{ "type": "Feature", "properties": { "g_id": 33968, "cve_ent": "14", "nom_ent": "Jalisco", "cve_mun": "120", "cvegeomun": "14120", "nom_mun": "Zapopan", "cve_loc": "0758", "cvegeoloc": "141200758", "nom_loc": "Valle de los Molinos", "clave_pueblo": 501, "nombre_pueblo": "Otomí", "pihogares": 31, "x_long": -103.4256133, "y_lat": 20.8496325 }, "geometry": { "type": "MultiPoint", "coordinates": [ [ -103.425613333333303, 20.8496325 ] ] } },
{ "type": "Feature", "properties": { "g_id": 33969, "cve_ent": "14", "nom_ent": "Jalisco", "cve_mun": "120", "cvegeomun": "14120", "nom_mun": "Zapopan", "cve_loc": "0758", "cvegeoloc": "141200758", "nom_loc": "Valle de los Molinos", "clave_pueblo": 505, "nombre_pueblo": "Xiʾui/Pame", "pihogares": 4, "x_long": -103.4256133, "y_lat": 20.8496325 }, "geometry": { "type": "MultiPoint", "coordinates": [ [ -103.425613333333303, 20.8496325 ] ] } },
{ "type": "Feature", "properties": { "g_id": 33970, "cve_ent": "14", "nom_ent": "Jalisco", "cve_mun": "120", "cvegeomun": "14120", "nom_mun": "Zapopan", "cve_loc": "0758", "cvegeoloc": "141200758", "nom_loc": "Valle de los Molinos", "clave_pueblo": 507, "nombre_pueblo": "Chinanteco", "pihogares": 34, "x_long": -103.4256133, "y_lat": 20.8496325 }, "geometry": { "type": "MultiPoint", "coordinates": [ [ -103.425613333333303, 20.8496325 ] ] } },
{ "type": "Feature", "properties": { "g_id": 33971, "cve_ent": "14", "nom_ent": "Jalisco", "cve_mun": "120", "cvegeomun": "14120", "nom_mun": "Zapopan", "cve_loc": "0758", "cvegeoloc": "141200758", "nom_loc": "Valle de los Molinos", "clave_pueblo": 508, "nombre_pueblo": "Meʾphaa/Tlapaneco", "pihogares": 7, "x_long": -103.4256133, "y_lat": 20.8496325 }, "geometry": { "type": "MultiPoint", "coordinates": [ [ -103.425613333333303, 20.8496325 ] ] } },
{ "type": "Feature", "properties": { "g_id": 33972, "cve_ent": "14", "nom_ent": "Jalisco", "cve_mun": "120", "cvegeomun": "14120", "nom_mun": "Zapopan", "cve_loc": "0758", "cvegeoloc": "141200758", "nom_loc": "Valle de los Molinos", "clave_pueblo": 509, "nombre_pueblo": "Mazateco", "pihogares": 10, "x_long": -103.4256133, "y_lat": 20.8496325 }, "geometry": { "type": "MultiPoint", "coordinates": [ [ -103.425613333333303, 20.8496325 ] ] } },
{ "type": "Feature", "properties": { "g_id": 33973, "cve_ent": "14", "nom_ent": "Jalisco", "cve_mun": "120", "cvegeomun": "14120", "nom_mun": "Zapopan", "cve_loc": "0758", "cvegeoloc": "141200758", "nom_loc": "Valle de los Molinos", "clave_pueblo": 513, "nombre_pueblo": "Binnizá/Zapoteco", "pihogares": 41, "x_long": -103.4256133, "y_lat": 20.8496325 }, "geometry": { "type": "MultiPoint", "coordinates": [ [ -103.425613333333303, 20.8496325 ] ] } },
{ "type": "Feature", "properties": { "g_id": 33974, "cve_ent": "14", "nom_ent": "Jalisco", "cve_mun": "120", "cvegeomun": "14120", "nom_mun": "Zapopan", "cve_loc": "0758", "cvegeoloc": "141200758", "nom_loc": "Valle de los Molinos", "clave_pueblo": 516, "nombre_pueblo": "Na savi/Ñuu Saavi/Mixteco", "pihogares": 51, "x_long": -103.4256133, "y_lat": 20.8496325 }, "geometry": { "type": "MultiPoint", "coordinates": [ [ -103.425613333333303, 20.8496325 ] ] } },
{ "type": "Feature", "properties": { "g_id": 33975, "cve_ent": "14", "nom_ent": "Jalisco", "cve_mun": "120", "cvegeomun": "14120", "nom_mun": "Zapopan", "cve_loc": "0758", "cvegeoloc": "141200758", "nom_loc": "Valle de los Molinos", "clave_pueblo": 601, "nombre_pueblo": "Teenek/Huasteco", "pihogares": 19, "x_long": -103.4256133, "y_lat": 20.8496325 }, "geometry": { "type": "MultiPoint", "coordinates": [ [ -103.425613333333303, 20.8496325 ] ] } },
{ "type": "Feature", "properties": { "g_id": 33976, "cve_ent": "14", "nom_ent": "Jalisco", "cve_mun": "120", "cvegeomun": "14120", "nom_mun": "Zapopan", "cve_loc": "0758", "cvegeoloc": "141200758", "nom_loc": "Valle de los Molinos", "clave_pueblo": 602, "nombre_pueblo": "Mayaʾwiinik/Maya", "pihogares": 13, "x_long": -103.4256133, "y_lat": 20.8496325 }, "geometry": { "type": "MultiPoint", "coordinates": [ [ -103.425613333333303, 20.8496325 ] ] } },
{ "type": "Feature", "properties": { "g_id": 33977, "cve_ent": "14", "nom_ent": "Jalisco", "cve_mun": "120", "cvegeomun": "14120", "nom_mun": "Zapopan", "cve_loc": "0758", "cvegeoloc": "141200758", "nom_loc": "Valle de los Molinos", "clave_pueblo": 606, "nombre_pueblo": "Tseltal", "pihogares": 19, "x_long": -103.4256133, "y_lat": 20.8496325 }, "geometry": { "type": "MultiPoint", "coordinates": [ [ -103.425613333333303, 20.8496325 ] ] } },
{ "type": "Feature", "properties": { "g_id": 33978, "cve_ent": "14", "nom_ent": "Jalisco", "cve_mun": "120", "cvegeomun": "14120", "nom_mun": "Zapopan", "cve_loc": "0758", "cvegeoloc": "141200758", "nom_loc": "Valle de los Molinos", "clave_pueblo": 607, "nombre_pueblo": "Tsotsil", "pihogares": 6, "x_long": -103.4256133, "y_lat": 20.8496325 }, "geometry": { "type": "MultiPoint", "coordinates": [ [ -103.425613333333303, 20.8496325 ] ] } },
{ "type": "Feature", "properties": { "g_id": 33979, "cve_ent": "14", "nom_ent": "Jalisco", "cve_mun": "120", "cvegeomun": "14120", "nom_mun": "Zapopan", "cve_loc": "0758", "cvegeoloc": "141200758", "nom_loc": "Valle de los Molinos", "clave_pueblo": 613, "nombre_pueblo": "Tojolabal", "pihogares": 2, "x_long": -103.4256133, "y_lat": 20.8496325 }, "geometry": { "type": "MultiPoint", "coordinates": [ [ -103.425613333333303, 20.8496325 ] ] } },
{ "type": "Feature", "properties": { "g_id": 33980, "cve_ent": "14", "nom_ent": "Jalisco", "cve_mun": "120", "cvegeomun": "14120", "nom_mun": "Zapopan", "cve_loc": "0758", "cvegeoloc": "141200758", "nom_loc": "Valle de los Molinos", "clave_pueblo": 701, "nombre_pueblo": "Totonaco", "pihogares": 37, "x_long": -103.4256133, "y_lat": 20.8496325 }, "geometry": { "type": "MultiPoint", "coordinates": [ [ -103.425613333333303, 20.8496325 ] ] } },
{ "type": "Feature", "properties": { "g_id": 33981, "cve_ent": "14", "nom_ent": "Jalisco", "cve_mun": "120", "cvegeomun": "14120", "nom_mun": "Zapopan", "cve_loc": "0758", "cvegeoloc": "141200758", "nom_loc": "Valle de los Molinos", "clave_pueblo": 801, "nombre_pueblo": "Purépecha/Pʾurhépecha/Pʾurhé/Tarasco", "pihogares": 63, "x_long": -103.4256133, "y_lat": 20.8496325 }, "geometry": { "type": "MultiPoint", "coordinates": [ [ -103.425613333333303, 20.8496325 ] ] } },
{ "type": "Feature", "properties": { "g_id": 33982, "cve_ent": "14", "nom_ent": "Jalisco", "cve_mun": "120", "cvegeomun": "14120", "nom_mun": "Zapopan", "cve_loc": "0758", "cvegeoloc": "141200758", "nom_loc": "Valle de los Molinos", "clave_pueblo": 901, "nombre_pueblo": "Ayuuk/Ayook/Mixe", "pihogares": 5, "x_long": -103.4256133, "y_lat": 20.8496325 }, "geometry": { "type": "MultiPoint", "coordinates": [ [ -103.425613333333303, 20.8496325 ] ] } },
{ "type": "Feature", "properties": { "g_id": 33983, "cve_ent": "14", "nom_ent": "Jalisco", "cve_mun": "120", "cvegeomun": "14120", "nom_mun": "Zapopan", "cve_loc": "0758", "cvegeoloc": "141200758", "nom_loc": "Valle de los Molinos", "clave_pueblo": 1101, "nombre_pueblo": "Ikoots/Huave", "pihogares": 2, "x_long": -103.4256133, "y_lat": 20.8496325 }, "geometry": { "type": "MultiPoint", "coordinates": [ [ -103.425613333333303, 20.8496325 ] ] } },
{ "type": "Feature", "properties": { "g_id": 33984, "cve_ent": "14", "nom_ent": "Jalisco", "cve_mun": "120", "cvegeomun": "14120", "nom_mun": "Zapopan", "cve_loc": "0763", "cvegeoloc": "141200763", "nom_loc": "El Campestre [Fraccionamiento]", "clave_pueblo": 507, "nombre_pueblo": "Chinanteco", "pihogares": 4, "x_long": -103.5400583, "y_lat": 20.7394861 }, "geometry": { "type": "MultiPoint", "coordinates": [ [ -103.540058333333306, 20.739486111111109 ] ] } },
{ "type": "Feature", "properties": { "g_id": 33985, "cve_ent": "14", "nom_ent": "Jalisco", "cve_mun": "120", "cvegeomun": "14120", "nom_mun": "Zapopan", "cve_loc": "0763", "cvegeoloc": "141200763", "nom_loc": "El Campestre [Fraccionamiento]", "clave_pueblo": 516, "nombre_pueblo": "Na savi/Ñuu Saavi/Mixteco", "pihogares": 2, "x_long": -103.5400583, "y_lat": 20.7394861 }, "geometry": { "type": "MultiPoint", "coordinates": [ [ -103.540058333333306, 20.739486111111109 ] ] } },
{ "type": "Feature", "properties": { "g_id": 33986, "cve_ent": "14", "nom_ent": "Jalisco", "cve_mun": "120", "cvegeomun": "14120", "nom_mun": "Zapopan", "cve_loc": "0764", "cvegeoloc": "141200764", "nom_loc": "Hacienda Copala [Fraccionamiento]", "clave_pueblo": 211, "nombre_pueblo": "Náhuatl", "pihogares": 4, "x_long": -103.4351139, "y_lat": 20.8694472 }, "geometry": { "type": "MultiPoint", "coordinates": [ [ -103.435113889312802, 20.8694472219271 ] ] } },
{ "type": "Feature", "properties": { "g_id": 33987, "cve_ent": "14", "nom_ent": "Jalisco", "cve_mun": "120", "cvegeomun": "14120", "nom_mun": "Zapopan", "cve_loc": "0764", "cvegeoloc": "141200764", "nom_loc": "Hacienda Copala [Fraccionamiento]", "clave_pueblo": 516, "nombre_pueblo": "Na savi/Ñuu Saavi/Mixteco", "pihogares": 3, "x_long": -103.4351139, "y_lat": 20.8694472 }, "geometry": { "type": "MultiPoint", "coordinates": [ [ -103.435113889312802, 20.8694472219271 ] ] } },
{ "type": "Feature", "properties": { "g_id": 33988, "cve_ent": "14", "nom_ent": "Jalisco", "cve_mun": "120", "cvegeomun": "14120", "nom_mun": "Zapopan", "cve_loc": "0764", "cvegeoloc": "141200764", "nom_loc": "Hacienda Copala [Fraccionamiento]", "clave_pueblo": 601, "nombre_pueblo": "Teenek/Huasteco", "pihogares": 2, "x_long": -103.4351139, "y_lat": 20.8694472 }, "geometry": { "type": "MultiPoint", "coordinates": [ [ -103.435113889312802, 20.8694472219271 ] ] } },
{ "type": "Feature", "properties": { "g_id": 33989, "cve_ent": "14", "nom_ent": "Jalisco", "cve_mun": "120", "cvegeomun": "14120", "nom_mun": "Zapopan", "cve_loc": "0764", "cvegeoloc": "141200764", "nom_loc": "Hacienda Copala [Fraccionamiento]", "clave_pueblo": 607, "nombre_pueblo": "Tsotsil", "pihogares": 1, "x_long": -103.4351139, "y_lat": 20.8694472 }, "geometry": { "type": "MultiPoint", "coordinates": [ [ -103.435113889312802, 20.8694472219271 ] ] } },
{ "type": "Feature", "properties": { "g_id": 33990, "cve_ent": "14", "nom_ent": "Jalisco", "cve_mun": "120", "cvegeomun": "14120", "nom_mun": "Zapopan", "cve_loc": "0764", "cvegeoloc": "141200764", "nom_loc": "Hacienda Copala [Fraccionamiento]", "clave_pueblo": 701, "nombre_pueblo": "Totonaco", "pihogares": 3, "x_long": -103.4351139, "y_lat": 20.8694472 }, "geometry": { "type": "MultiPoint", "coordinates": [ [ -103.435113889312802, 20.8694472219271 ] ] } },
{ "type": "Feature", "properties": { "g_id": 33991, "cve_ent": "14", "nom_ent": "Jalisco", "cve_mun": "120", "cvegeomun": "14120", "nom_mun": "Zapopan", "cve_loc": "0764", "cvegeoloc": "141200764", "nom_loc": "Hacienda Copala [Fraccionamiento]", "clave_pueblo": 801, "nombre_pueblo": "Purépecha/Pʾurhépecha/Pʾurhé/Tarasco", "pihogares": 6, "x_long": -103.4351139, "y_lat": 20.8694472 }, "geometry": { "type": "MultiPoint", "coordinates": [ [ -103.435113889312802, 20.8694472219271 ] ] } },
{ "type": "Feature", "properties": { "g_id": 34036, "cve_ent": "14", "nom_ent": "Jalisco", "cve_mun": "124", "cvegeomun": "14124", "nom_mun": "Zapotlanejo", "cve_loc": "0001", "cvegeoloc": "141240001", "nom_loc": "Zapotlanejo", "clave_pueblo": 209, "nombre_pueblo": "Náayari/Cora", "pihogares": 4, "x_long": -103.0641667, "y_lat": 20.6225 }, "geometry": { "type": "MultiPoint", "coordinates": [ [ -103.064166666666694, 20.6225 ] ] } },
{ "type": "Feature", "properties": { "g_id": 34037, "cve_ent": "14", "nom_ent": "Jalisco", "cve_mun": "124", "cvegeomun": "14124", "nom_mun": "Zapotlanejo", "cve_loc": "0001", "cvegeoloc": "141240001", "nom_loc": "Zapotlanejo", "clave_pueblo": 211, "nombre_pueblo": "Náhuatl", "pihogares": 20, "x_long": -103.0641667, "y_lat": 20.6225 }, "geometry": { "type": "MultiPoint", "coordinates": [ [ -103.064166666666694, 20.6225 ] ] } },
{ "type": "Feature", "properties": { "g_id": 34038, "cve_ent": "14", "nom_ent": "Jalisco", "cve_mun": "124", "cvegeomun": "14124", "nom_mun": "Zapotlanejo", "cve_loc": "0001", "cvegeoloc": "141240001", "nom_loc": "Zapotlanejo", "clave_pueblo": 501, "nombre_pueblo": "Otomí", "pihogares": 2, "x_long": -103.0641667, "y_lat": 20.6225 }, "geometry": { "type": "MultiPoint", "coordinates": [ [ -103.064166666666694, 20.6225 ] ] } },
{ "type": "Feature", "properties": { "g_id": 34039, "cve_ent": "14", "nom_ent": "Jalisco", "cve_mun": "124", "cvegeomun": "14124", "nom_mun": "Zapotlanejo", "cve_loc": "0001", "cvegeoloc": "141240001", "nom_loc": "Zapotlanejo", "clave_pueblo": 502, "nombre_pueblo": "Jñatrjo/Mazahua", "pihogares": 12, "x_long": -103.0641667, "y_lat": 20.6225 }, "geometry": { "type": "MultiPoint", "coordinates": [ [ -103.064166666666694, 20.6225 ] ] } },
{ "type": "Feature", "properties": { "g_id": 34040, "cve_ent": "14", "nom_ent": "Jalisco", "cve_mun": "124", "cvegeomun": "14124", "nom_mun": "Zapotlanejo", "cve_loc": "0001", "cvegeoloc": "141240001", "nom_loc": "Zapotlanejo", "clave_pueblo": 516, "nombre_pueblo": "Na savi/Ñuu Saavi/Mixteco", "pihogares": 6, "x_long": -103.0641667, "y_lat": 20.6225 }, "geometry": { "type": "MultiPoint", "coordinates": [ [ -103.064166666666694, 20.6225 ] ] } },
{ "type": "Feature", "properties": { "g_id": 34041, "cve_ent": "14", "nom_ent": "Jalisco", "cve_mun": "124", "cvegeomun": "14124", "nom_mun": "Zapotlanejo", "cve_loc": "0001", "cvegeoloc": "141240001", "nom_loc": "Zapotlanejo", "clave_pueblo": 601, "nombre_pueblo": "Teenek/Huasteco", "pihogares": 10, "x_long": -103.0641667, "y_lat": 20.6225 }, "geometry": { "type": "MultiPoint", "coordinates": [ [ -103.064166666666694, 20.6225 ] ] } },
{ "type": "Feature", "properties": { "g_id": 34042, "cve_ent": "14", "nom_ent": "Jalisco", "cve_mun": "124", "cvegeomun": "14124", "nom_mun": "Zapotlanejo", "cve_loc": "0001", "cvegeoloc": "141240001", "nom_loc": "Zapotlanejo", "clave_pueblo": 602, "nombre_pueblo": "Mayaʾwiinik/Maya", "pihogares": 7, "x_long": -103.0641667, "y_lat": 20.6225 }, "geometry": { "type": "MultiPoint", "coordinates": [ [ -103.064166666666694, 20.6225 ] ] } },
{ "type": "Feature", "properties": { "g_id": 34043, "cve_ent": "14", "nom_ent": "Jalisco", "cve_mun": "124", "cvegeomun": "14124", "nom_mun": "Zapotlanejo", "cve_loc": "0001", "cvegeoloc": "141240001", "nom_loc": "Zapotlanejo", "clave_pueblo": 604, "nombre_pueblo": "Ch'ol", "pihogares": 1, "x_long": -103.0641667, "y_lat": 20.6225 }, "geometry": { "type": "MultiPoint", "coordinates": [ [ -103.064166666666694, 20.6225 ] ] } },
{ "type": "Feature", "properties": { "g_id": 34044, "cve_ent": "14", "nom_ent": "Jalisco", "cve_mun": "124", "cvegeomun": "14124", "nom_mun": "Zapotlanejo", "cve_loc": "0001", "cvegeoloc": "141240001", "nom_loc": "Zapotlanejo", "clave_pueblo": 606, "nombre_pueblo": "Tseltal", "pihogares": 1, "x_long": -103.0641667, "y_lat": 20.6225 }, "geometry": { "type": "MultiPoint", "coordinates": [ [ -103.064166666666694, 20.6225 ] ] } },
{ "type": "Feature", "properties": { "g_id": 34045, "cve_ent": "14", "nom_ent": "Jalisco", "cve_mun": "124", "cvegeomun": "14124", "nom_mun": "Zapotlanejo", "cve_loc": "0001", "cvegeoloc": "141240001", "nom_loc": "Zapotlanejo", "clave_pueblo": 607, "nombre_pueblo": "Tsotsil", "pihogares": 10, "x_long": -103.0641667, "y_lat": 20.6225 }, "geometry": { "type": "MultiPoint", "coordinates": [ [ -103.064166666666694, 20.6225 ] ] } },
{ "type": "Feature", "properties": { "g_id": 34046, "cve_ent": "14", "nom_ent": "Jalisco", "cve_mun": "124", "cvegeomun": "14124", "nom_mun": "Zapotlanejo", "cve_loc": "0001", "cvegeoloc": "141240001", "nom_loc": "Zapotlanejo", "clave_pueblo": 801, "nombre_pueblo": "Purépecha/Pʾurhépecha/Pʾurhé/Tarasco", "pihogares": 5, "x_long": -103.0641667, "y_lat": 20.6225 }, "geometry": { "type": "MultiPoint", "coordinates": [ [ -103.064166666666694, 20.6225 ] ] } },
{ "type": "Feature", "properties": { "g_id": 34047, "cve_ent": "14", "nom_ent": "Jalisco", "cve_mun": "124", "cvegeomun": "14124", "nom_mun": "Zapotlanejo", "cve_loc": "0006", "cvegeoloc": "141240006", "nom_loc": "El Aguacate", "clave_pueblo": 210, "nombre_pueblo": "Wixárika/Huichol", "pihogares": 15, "x_long": -103.2083678, "y_lat": 20.7015272 }, "geometry": { "type": "MultiPoint", "coordinates": [ [ -103.208367778350393, 20.70152722200314 ] ] } },
{ "type": "Feature", "properties": { "g_id": 34048, "cve_ent": "14", "nom_ent": "Jalisco", "cve_mun": "124", "cvegeomun": "14124", "nom_mun": "Zapotlanejo", "cve_loc": "0088", "cvegeoloc": "141240088", "nom_loc": "Joya del Camino (Las Palmitas)", "clave_pueblo": 211, "nombre_pueblo": "Náhuatl", "pihogares": 10, "x_long": -102.9934092, "y_lat": 20.6892969 }, "geometry": { "type": "MultiPoint", "coordinates": [ [ -102.993409166774001, 20.689296944103969 ] ] } },
{ "type": "Feature", "properties": { "g_id": 34049, "cve_ent": "14", "nom_ent": "Jalisco", "cve_mun": "124", "cvegeomun": "14124", "nom_mun": "Zapotlanejo", "cve_loc": "0094", "cvegeoloc": "141240094", "nom_loc": "La Laja", "clave_pueblo": 211, "nombre_pueblo": "Náhuatl", "pihogares": 15, "x_long": -103.1211111, "y_lat": 20.5802778 }, "geometry": { "type": "MultiPoint", "coordinates": [ [ -103.121111111111105, 20.580277777777781 ] ] } },
{ "type": "Feature", "properties": { "g_id": 34050, "cve_ent": "14", "nom_ent": "Jalisco", "cve_mun": "124", "cvegeomun": "14124", "nom_mun": "Zapotlanejo", "cve_loc": "0094", "cvegeoloc": "141240094", "nom_loc": "La Laja", "clave_pueblo": 701, "nombre_pueblo": "Totonaco", "pihogares": 1, "x_long": -103.1211111, "y_lat": 20.5802778 }, "geometry": { "type": "MultiPoint", "coordinates": [ [ -103.121111111111105, 20.580277777777781 ] ] } },
{ "type": "Feature", "properties": { "g_id": 34051, "cve_ent": "14", "nom_ent": "Jalisco", "cve_mun": "124", "cvegeomun": "14124", "nom_mun": "Zapotlanejo", "cve_loc": "0168", "cvegeoloc": "141240168", "nom_loc": "San José de las Flores (Gallinas de Arriba)", "clave_pueblo": 602, "nombre_pueblo": "Mayaʾwiinik/Maya", "pihogares": 2, "x_long": -102.9667978, "y_lat": 20.6480558 }, "geometry": { "type": "MultiPoint", "coordinates": [ [ -102.966797777817007, 20.648055833297871 ] ] } },
{ "type": "Feature", "properties": { "g_id": 34052, "cve_ent": "14", "nom_ent": "Jalisco", "cve_mun": "124", "cvegeomun": "14124", "nom_mun": "Zapotlanejo", "cve_loc": "0197", "cvegeoloc": "141240197", "nom_loc": "Bicercio", "clave_pueblo": 209, "nombre_pueblo": "Náayari/Cora", "pihogares": 4, "x_long": -102.9847361, "y_lat": 20.6607953 }, "geometry": { "type": "MultiPoint", "coordinates": [ [ -102.984736110602697, 20.660795278353039 ] ] } },
{ "type": "Feature", "properties": { "g_id": 34053, "cve_ent": "14", "nom_ent": "Jalisco", "cve_mun": "124", "cvegeomun": "14124", "nom_mun": "Zapotlanejo", "cve_loc": "0210", "cvegeoloc": "141240210", "nom_loc": "Los Tepetates", "clave_pueblo": 211, "nombre_pueblo": "Náhuatl", "pihogares": 2, "x_long": -103.0462558, "y_lat": 20.637375 }, "geometry": { "type": "MultiPoint", "coordinates": [ [ -103.046255833155897, 20.63737499981881 ] ] } },
{ "type": "Feature", "properties": { "g_id": 34054, "cve_ent": "14", "nom_ent": "Jalisco", "cve_mun": "124", "cvegeomun": "14124", "nom_mun": "Zapotlanejo", "cve_loc": "0210", "cvegeoloc": "141240210", "nom_loc": "Los Tepetates", "clave_pueblo": 604, "nombre_pueblo": "Ch'ol", "pihogares": 4, "x_long": -103.0462558, "y_lat": 20.637375 }, "geometry": { "type": "MultiPoint", "coordinates": [ [ -103.046255833155897, 20.63737499981881 ] ] } },
{ "type": "Feature", "properties": { "g_id": 34055, "cve_ent": "14", "nom_ent": "Jalisco", "cve_mun": "124", "cvegeomun": "14124", "nom_mun": "Zapotlanejo", "cve_loc": "0360", "cvegeoloc": "141240360", "nom_loc": "Bugambilias [Fraccionamiento]", "clave_pueblo": 210, "nombre_pueblo": "Wixárika/Huichol", "pihogares": 1, "x_long": -103.0382586, "y_lat": 20.6511228 }, "geometry": { "type": "MultiPoint", "coordinates": [ [ -103.038258610733607, 20.6511227777745 ] ] } },
{ "type": "Feature", "properties": { "g_id": 34056, "cve_ent": "14", "nom_ent": "Jalisco", "cve_mun": "124", "cvegeomun": "14124", "nom_mun": "Zapotlanejo", "cve_loc": "0362", "cvegeoloc": "141240362", "nom_loc": "Granjas Providencias [Fraccionamiento]", "clave_pueblo": 210, "nombre_pueblo": "Wixárika/Huichol", "pihogares": 3, "x_long": -103.108945, "y_lat": 20.5892914 }, "geometry": { "type": "MultiPoint", "coordinates": [ [ -103.108945000104995, 20.589291388830961 ] ] } }
]
}
